mean,std,skewness,kurtosis,energi,fase,label
1072.418,344.47015,0.91066265,1.6753125,20787038000.0,0.0,0
808.7862,384.25674,0.06992367,1.3900392,13136502000.0,0.014572818,0
549.54297,354.27866,-0.15074585,-0.4585399,7004338000.0,0.01744903,0
1141.1384,371.4491,0.5999154,1.6888626,23595766000.0,0.0,0
1203.0186,574.17786,-0.8222864,-0.07454156,29113285000.0,0.019750003,0
795.77673,478.5482,-0.30265057,-0.63895273,14127414000.0,0.0,0
896.2389,440.8593,0.35810244,-0.28057078,16344697000.0,0.0,0
652.8958,441.00775,0.5359862,-0.00621061,10170544000.0,0.011888351,0
626.0259,448.46124,0.42285568,-0.5170721,9716136000.0,0.0,0
1004.8406,350.34723,0.6789525,0.313768,18554024000.0,0.0,0
795.42316,559.1621,-0.13627133,-1.106132,15488782000.0,0.020133497,0
795.7996,573.00354,-0.12100207,-1.263494,15755348000.0,0.039308257,0
1142.1555,499.65314,0.2504031,-1.1014307,25463562000.0,0.0,0
944.87366,532.1197,0.002717224,-0.9534796,19266562000.0,0.0,0
867.9139,524.5374,-0.043936253,-1.1170441,16849536000.0,0.0,0
1204.1051,324.82007,-0.47408062,-0.19186978,25483299000.0,0.0,0
1307.4789,405.67737,-1.0353338,0.84995127,30704849000.0,0.0,0
1196.6686,416.5844,-0.9375216,0.6021858,26305468000.0,0.003259709,0
841.3344,371.32608,0.8227931,0.718723,13856385000.0,0.0,0
789.3292,380.87488,0.46749538,0.2887629,12584654000.0,0.0030679617,0
726.43585,397.02396,0.33212808,0.0119365705,11228562000.0,0.011696603,0
1271.3391,374.9505,-0.42499578,-0.79799014,28784904000.0,0.0,0
1437.5712,623.79297,-0.810584,-0.2861836,40234656000.0,0.013997574,0
1410.4565,640.6357,-0.5920199,-0.5998033,39318348000.0,0.017640779,0
1066.0332,340.8662,0.8073934,0.71505225,20522869000.0,0.0,0
1081.2585,622.6958,-0.42679912,-0.5906784,25507762000.0,0.018599518,0
1137.7662,669.9496,-0.4144205,-0.87237877,28562958000.0,0.030871363,0
1532.1268,378.9015,-0.282502,-0.51910526,40812200000.0,0.0,0
1529.891,761.5874,-0.9594771,-0.53923553,47850810000.0,0.0,0
1447.2235,672.42883,-0.9179661,-0.5703041,41723760000.0,0.0,0
1490.9491,424.92783,-0.7011377,-0.5634424,39378825000.0,0.0,0
1262.7738,347.6618,-0.7361383,-0.47249085,28106203000.0,0.0,0
1069.8073,646.6222,-0.6219237,-1.1459972,25601767000.0,0.026652915,0
1595.0914,358.53674,-0.79587495,0.119095206,43792224000.0,0.0,0
869.5312,607.39966,-0.44736275,-1.4081358,18432310000.0,0.030871363,0
1324.0106,841.36896,-0.6940576,-1.380748,40319484000.0,0.0,0
982.835,780.1269,0.054493777,-1.9336607,25797634000.0,0.0,0
1469.7559,511.53467,-0.5141456,-0.99081224,39679586000.0,0.0,0
1191.1753,639.246,-0.7513855,-0.9093632,29942315000.0,0.018983012,0
887.5819,426.52585,-0.69628733,-0.9086009,15887991000.0,0.0,0
1361.3114,478.30136,-0.3272263,-1.0431992,34110517000.0,0.0,0
914.8868,424.34293,-0.648538,-0.521494,16663916000.0,0.0,0
1337.0011,708.4938,-0.5892624,-0.99555725,37511750000.0,0.014956312,0
1400.8748,498.44656,-0.34892598,-0.7395552,36223370000.0,0.0,0
1343.5088,573.1782,-0.83280194,-0.4942667,34956070000.0,0.0,0
867.9368,536.67334,-0.5066687,-1.089518,17061193000.0,0.02722816,0
1452.1011,494.93375,-0.71755165,-0.3178501,38560674000.0,0.0,0
1034.0819,457.59262,-0.51705194,0.11483031,20950487000.0,0.0069029136,0
1069.6196,504.44232,-0.30779842,-0.07376266,22913812000.0,0.0036432045,0
1393.4346,525.71436,-0.13093035,-1.0276417,36340294000.0,0.0,0
1320.1063,675.28046,-0.6577938,-0.99807805,36023247000.0,0.0,0
1227.2048,549.41876,-0.7269611,-0.8628943,29620515000.0,0.0,0
1370.5769,607.6385,-0.4013836,-0.9719493,36826410000.0,0.0,0
1033.4321,537.26044,-0.012957614,-0.9288544,22227036000.0,0.0005752428,0
1153.9155,649.3445,-0.1625641,-1.081882,28723927000.0,0.0026844663,0
1400.8535,575.8822,-0.6675955,-0.65823126,37585400000.0,0.0,0
1452.1559,669.5589,-0.7373734,-0.64788413,41894965000.0,0.0,0
1468.191,870.46106,-0.75261277,-1.1582775,47731302000.0,0.019558255,0
1457.8248,530.2532,-1.101938,0.18169282,39426810000.0,0.0,0
1508.7782,590.3398,-1.1483184,0.22892772,43006570000.0,0.0,0
1625.8927,747.3174,-1.194241,-0.021693656,52461736000.0,0.0,0
1518.89,530.679,-0.9833333,-0.09864722,42412392000.0,0.0,0
1361.4845,584.07654,-0.98879415,-0.3214104,35959360000.0,0.0,0
1609.9031,653.4011,-0.998003,-0.4419473,49458725000.0,0.0,0
1533.1472,465.83957,-1.0334,0.23775259,42066690000.0,0.0,0
1283.1584,600.8295,-0.9408702,-0.36485383,32890743000.0,0.0,0
1108.1598,697.911,-0.60705596,-1.0996072,28100166000.0,0.039500006,0
1482.6978,532.5665,-0.7922111,-0.3682748,40665416000.0,0.0,0
1221.8646,527.1534,-1.045138,-0.14625761,29013506000.0,0.0055606803,0
985.0633,617.80817,-0.5713597,-1.2259191,22151768000.0,0.02473544,0
1287.3949,424.80585,-0.41230413,-0.49910253,30111260000.0,0.0,0
1324.3341,464.53104,-0.46948874,-0.51719,32270744000.0,0.0,0
1033.0835,635.20404,-0.26688173,-0.95185596,24096698000.0,0.020516993,0
1562.424,396.9257,-0.5314546,-0.70147645,42577404000.0,0.0,0
1432.8293,715.1836,-0.8635713,-0.72401327,42016563000.0,0.0,0
1182.6476,835.71954,-0.2516586,-1.7254068,34358598000.0,0.0,0
1157.5073,707.609,-0.69781303,-1.0836608,30155305000.0,0.025310682,0
1547.4769,402.86337,-0.5041309,-0.72745377,41893620000.0,0.0,0
1333.5302,620.1346,-0.949416,-0.42551425,35436460000.0,0.0,0
827.1102,613.77997,-0.27735752,-1.4949656,17380758000.0,0.036432043,0
1390.8402,467.2525,-0.22637075,-1.1040606,35270844000.0,0.0,0
1230.7137,623.73193,-0.4653713,-0.8990461,31190184000.0,0.020133497,0
1347.5638,664.4244,-0.5588834,-0.744026,36985050000.0,0.016490294,0
1039.8103,536.97345,0.19610788,-1.1425413,22438644000.0,0.0,0
730.95044,477.31158,0.323777,-0.99145037,12486490000.0,0.009970875,0
745.26044,465.37897,0.15807475,-1.1808022,12648296000.0,0.0,0
1300.2733,585.7204,-0.38010648,-1.0937731,33321435000.0,0.0,0
1325.1699,546.01324,-0.4211597,-0.9710913,33656110000.0,0.0,0
1325.8331,750.0232,-0.50028706,-1.0820494,38016918000.0,0.020900488,0
1333.379,867.5418,-0.42695123,-1.4016503,41460180000.0,0.026269421,0
1235.125,556.2555,0.20899975,-1.0543761,30063882000.0,0.0,0
1046.9575,542.67865,-0.066374004,-0.80113536,22783922000.0,0.0,0
1045.0269,709.4294,-0.103786595,-1.2091905,26138563000.0,0.020325245,0
857.9252,492.96448,-0.10128436,-1.0848712,16040748000.0,0.0,0
1428.4193,582.70746,-0.67964095,-0.7709066,38992770000.0,0.0,0
1320.6167,732.29816,-0.7099021,-0.96118236,37360260000.0,0.02147573,0
1113.3197,652.954,-0.54930776,-1.1031075,27292953000.0,0.02070874,0
1264.3718,833.54913,-0.5091328,-1.3569254,37575725000.0,0.02147573,0
1160.0902,443.81543,0.26703465,-0.46616736,25276928000.0,0.0,0
1218.3358,574.60645,-0.3500313,-0.36182213,29729008000.0,0.0,0
1562.1265,753.3347,-1.0016781,-0.33944482,49279013000.0,0.017640779,0
1194.4393,442.23718,0.33824846,-0.4997435,26579091000.0,0.0,0
1119.9813,504.58972,0.07293168,-0.39334625,24722950000.0,0.010737865,0
1108.4056,661.1381,-0.15658785,-0.7903255,27290284000.0,0.018791264,0
1740.4395,544.2944,-1.0555067,-0.11014429,54483120000.0,0.0,0
1934.0703,719.7373,-1.4667182,0.74055636,69773710000.0,0.0011504856,0
1540.3208,663.0189,-1.077535,-0.54790413,46074790000.0,0.0,0
1571.2377,462.7422,-0.2492048,-0.55389655,43956930000.0,0.0,0
1314.0765,664.88885,-0.45326135,-0.9726777,35534836000.0,0.0,0
1230.3209,828.37476,-0.31268096,-1.3103521,36043067000.0,0.018599518,0
1574.5176,445.88104,-0.4446044,-0.6887929,43874968000.0,0.0,0
1205.1855,590.9465,-0.7137741,-0.47617,29518890000.0,0.0120800985,0
1389.3204,662.3674,-0.8163113,-0.408911,38812740000.0,0.013230585,0
1578.6342,451.53455,-0.482765,-0.6837307,44170760000.0,0.0,0
1369.4858,613.4789,-0.7778436,-0.14011571,36894278000.0,0.0059441756,0
1392.4272,707.2135,-0.7662288,-0.45580402,39960650000.0,0.013997574,0
1636.474,487.3875,-0.87389123,-0.2785941,47769090000.0,0.0,0
1386.9435,394.14703,-0.85585594,0.085009396,34061748000.0,0.0,0
1665.3654,711.671,-1.4363356,0.6289906,53738164000.0,0.015339808,0
1651.2839,568.90686,-0.8502373,-0.15901828,49977647000.0,0.0,0
1563.0424,765.53766,-0.9172178,-0.47232246,49629580000.0,0.00958738,0
1361.906,610.3582,-1.0240251,-0.30875173,36492493000.0,0.0,0
1142.1747,402.75256,0.20519131,-0.3223008,24031605000.0,0.0,0
979.8505,631.5159,-0.3314295,-1.2347314,22264537000.0,0.0,0
968.4703,641.9872,-0.26097342,-1.116339,22119748000.0,0.017640779,0
1510.5934,525.106,-0.505013,-0.4601555,41904185000.0,0.0,0
1166.1649,685.0955,-0.29222563,-0.9316239,29971192000.0,0.01917476,0
1369.6698,698.20404,-0.4223991,-0.99133235,38723320000.0,0.0,0
1636.4858,612.36786,-0.7570892,-0.6388046,50021667000.0,0.0,0
1473.4767,495.34973,-1.0524238,-0.04636102,39592014000.0,0.0,0
1356.5271,374.23862,-1.1615855,0.39687622,32443930000.0,0.0,0
1546.255,559.8448,-0.8970614,-0.12419558,44307755000.0,0.0,0
1311.8458,445.1372,-1.3144453,0.42987755,31442313000.0,0.0,0
1099.0398,453.57745,-1.1290114,-0.2824494,23160766000.0,0.0,0
1717.7522,606.3097,-0.7582908,-0.37496993,54366760000.0,0.0,0
1638.7306,848.78076,-0.86791146,-0.74268943,55801720000.0,0.01514806,0
1642.2477,891.8484,-0.9430982,-0.7557337,57219002000.0,0.01994175,0
1283.0049,661.75055,-0.8523129,-0.87660325,34144510000.0,0.0,0
1444.8702,468.7432,-1.0201037,-0.19536118,37803954000.0,0.0,0
1381.7659,652.9253,-1.1213033,-0.22549586,38266280000.0,0.015723303,0
1346.5222,665.85596,-0.92860216,-0.75195587,36970270000.0,0.0,0
1570.776,563.67834,-0.94469094,-0.354931,45630595000.0,0.0,0
1601.1249,677.2783,-1.023871,-0.43383583,49517474000.0,0.0,0
1246.2977,559.36865,-1.13931,-0.10810337,30575022000.0,0.0,0
1242.8599,593.52997,-1.041842,-0.47274044,31080096000.0,0.0,0
1608.0437,550.4707,-1.0196002,0.06203451,47330470000.0,0.0,0
1242.5209,600.3205,-0.9521761,-0.70228827,31199111000.0,0.0,0
1383.3162,564.93823,-1.1917801,-0.13863789,36580864000.0,0.0,0
1490.1052,597.0721,-0.67438406,-0.8850338,42220070000.0,0.0,0
1397.1158,691.8017,-0.80700475,-0.79793066,39821677000.0,0.0,0
1264.6583,629.0646,-0.8020364,-0.6763597,32687438000.0,0.0,0
1598.9081,552.4608,-1.0134115,0.0056904308,46886420000.0,0.0,0
1643.3607,719.2447,-1.2138628,0.15525982,52722848000.0,0.011888351,0
1442.818,685.8782,-1.1270893,-0.29302245,41814470000.0,0.0,0
1445.2982,560.5862,-0.49706012,-0.7644707,39373110000.0,0.0,0
1125.8892,581.8458,-0.43693608,-0.84655243,26315506000.0,0.0,0
899.35736,501.41617,-0.3174118,-0.98623514,17371330000.0,0.0,0
1622.3906,476.25882,-1.0525893,0.41517946,46841426000.0,0.0,0
987.85675,417.3231,-0.6333735,0.28044808,18841920000.0,0.01035437,0
906.07556,427.39053,-0.22433873,0.08248802,16443565000.0,0.010546118,0
1556.9161,544.41547,-0.7503162,-0.2069111,44570640000.0,0.0,0
1130.0818,549.2318,-0.41715556,-0.6353538,25866082000.0,0.001917476,0
1127.6735,573.0694,-0.29345703,-0.7985861,26215318000.0,0.0005752428,0
1554.3035,540.56964,-0.7193741,-0.25025153,44369097000.0,0.0,0
1175.8168,657.10565,-0.5069487,-0.81859875,29726030000.0,0.01438107,0
1367.5991,765.9934,-0.68885297,-0.81522244,40256690000.0,0.015339808,0
1638.5907,717.07434,-0.95821947,-0.5678537,52415280000.0,0.0,0
1499.9688,547.27386,-0.6657833,-0.42551953,41769615000.0,0.0,0
846.80597,420.38873,-0.3428114,-0.4736763,14644134000.0,0.011313109,0
830.9713,504.62933,-0.07904593,-0.5530819,15485568000.0,0.017640779,0
1502.1127,554.5046,-0.428449,-0.6157785,42005590000.0,0.0,0
1463.1692,783.6741,-0.77005523,-0.7864128,45138070000.0,0.017065536,0
1030.2661,618.61505,-0.344917,-0.9878635,23660670000.0,0.01994175,0
1568.6478,507.41962,-0.7535607,-0.5013828,44533854000.0,0.0,0
1530.6846,655.73914,-0.9194761,-0.50780344,45432656000.0,0.0,0
1407.2385,725.0183,-0.9200656,-0.57928056,41057840000.0,0.01514806,0
1568.5184,484.16486,-0.6382527,-0.0894569,44149404000.0,0.0,0
1602.4725,723.97455,-1.1177915,0.062738076,50660270000.0,0.016106797,0
1671.1638,398.04865,-1.5802437,1.7394832,48352973000.0,0.0,0
1563.3071,594.9644,-1.5184925,0.7738164,45840990000.0,0.0,0
1426.7592,576.69293,-1.7066231,1.3859226,38800860000.0,0.013997574,0
1409.3142,493.7867,-0.96520275,0.039779082,36536190000.0,0.0,0
1036.4974,504.16867,-0.9152726,-0.2801432,21766357000.0,0.018791264,0
1366.0642,511.6231,-0.79055184,-0.40282738,34863340000.0,0.0,0
1075.6376,486.56885,-0.5680003,-0.89158183,22835124000.0,0.0,0
1457.4963,600.7364,-0.67019993,-0.60755193,40717185000.0,0.0,0
903.9578,501.53793,-0.3836623,-0.8024888,17509255000.0,0.016682042,0
1567.5984,571.1844,-0.75048167,-0.37316304,45606770000.0,0.0,0
1114.42,580.2196,-0.5476331,-0.5488558,25863567000.0,0.016682042,0
1483.4939,526.69745,-0.5131393,0.052924875,40602247000.0,0.0,0
1035.4321,514.9118,0.07654209,-0.21355532,21909565000.0,0.0040266993,0
1474.779,673.957,-0.39917803,-0.82248515,43076665000.0,0.0,0
1347.2715,793.76495,-0.45273486,-1.0474364,40062210000.0,0.017065536,0
1682.1914,484.74725,-1.0792001,0.35691872,50212827000.0,0.0,0
1211.5938,620.1117,-0.9745107,-0.4916712,30351327000.0,0.01840777,0
1646.1162,563.51636,-1.0955361,-0.16816968,49598450000.0,0.0,0
1279.0118,392.05106,-1.0090908,-0.06881571,29320403000.0,0.0,0
1513.0013,546.3417,-1.1572005,0.34245566,42396262000.0,0.0,0
1724.9186,745.12933,-1.3892308,0.46608886,57844724000.0,0.009970875,0
1576.8478,492.50266,-1.348075,1.2116792,44712063000.0,0.0,0
1487.5774,624.31964,-1.4325513,0.78516185,42642006000.0,0.011313109,0
1381.6587,709.58295,-0.9364956,-0.43366036,39526216000.0,0.0,0
1641.0192,573.47034,-0.9527234,-0.41645333,49509370000.0,0.0,0
1168.1364,595.6834,-0.92909175,-0.5442816,28170342000.0,0.016298546,0
1424.6251,672.7846,-0.36323288,-1.065188,40668295000.0,0.0,0
1199.4906,806.07526,-0.115379535,-1.3491213,34218560000.0,0.017257284,0
1228.8984,627.6553,-0.52303874,-1.3107617,31197469000.0,0.0,0
910.90314,588.29706,-0.37601393,-1.4072224,19264928000.0,0.014572818,0
1224.6006,628.57605,-0.5080184,-1.3326259,31043658000.0,0.0,0
1316.3503,906.1975,-0.49141598,-1.5335723,41844277000.0,0.02952913,0
1411.4232,638.11084,-0.69991785,-0.7981723,39310148000.0,0.0,0
1606.8547,810.73975,-1.0138022,-0.65852195,53072384000.0,0.0,0
1482.0813,832.06445,-0.9015191,-0.950493,47331676000.0,0.0,0
1387.2921,481.80725,-1.0923461,-0.08132463,35335664000.0,0.0,0
1340.3169,627.77374,-1.0544143,-0.19716011,35889960000.0,0.015915051,0
1607.5426,546.7195,-0.9824549,-0.13869637,47236633000.0,0.0,0
1542.755,762.2231,-1.0400411,-0.3895015,48514290000.0,0.016490294,0
1564.3064,801.63544,-1.0166155,-0.50157225,50621220000.0,0.01744903,0
1591.7767,555.75525,-0.9296498,-0.2879292,46573440000.0,0.0,0
1500.3651,650.6262,-0.8701729,-0.5346124,43817533000.0,0.0,0
1379.8267,564.8075,-0.71065265,-0.98685503,36420470000.0,0.0,0
992.59106,534.3558,-0.62602335,-1.0156795,20820345000.0,0.008245147,0
774.9499,461.58008,-0.48594514,-1.1800691,13330079000.0,0.017065536,0
1385.5616,563.2515,-0.7312645,-0.9503801,36651553000.0,0.0,0
1442.1365,810.5763,-0.71145207,-1.0781151,44839590000.0,0.015531556,0
1732.1481,545.3312,-1.4495728,0.7833082,54029894000.0,0.0,0
1796.5642,768.8964,-1.3145871,0.0074175475,62567950000.0,0.0,0
1553.3457,716.48395,-0.824245,-0.7959695,47943390000.0,0.0,0
1486.8826,847.4945,-0.7925185,-0.98748153,47989830000.0,0.013997574,0
1323.8407,508.4131,-0.5708379,-0.9361669,32948849000.0,0.0,0
1349.0197,665.7366,-0.58200234,-0.89217293,37077963000.0,0.011888351,0
1226.0853,516.3251,-0.8343869,-0.7413576,28997660000.0,0.0,0
989.6152,530.67145,-0.88024074,-0.80852914,20659410000.0,0.01840777,0
1224.6959,503.60904,-0.5678395,-1.1543124,28729379000.0,0.0,0
1344.5007,754.99304,-0.706154,-1.1164893,38956184000.0,0.018216021,0
1237.4503,328.0998,-1.0181801,0.26906484,26852272000.0,0.0,0
1285.3499,368.95804,-1.2839153,1.2101276,29298760000.0,0.0,0
1770.6427,565.69946,-0.84664464,-0.10717199,56609860000.0,0.0,0
1505.4441,773.104,-0.8897963,-0.6237881,46924624000.0,0.0,0
1399.4747,589.7742,-1.0346737,-0.41169134,37787455000.0,0.0,0
1707.2839,590.726,-0.7158552,-0.7741353,53473700000.0,0.0,0
1679.8138,760.10846,-0.9873284,-0.37662306,55698055000.0,0.0063276705,0
1677.0161,499.29156,-1.2289984,0.26009873,50162483000.0,0.0,0
1630.6243,602.8994,-1.2044396,0.3703929,49519383000.0,0.0,0
1414.8116,386.34357,-0.20576508,-1.0408976,35241222000.0,0.0,0
1178.453,454.63614,-0.6680909,-0.10462785,26139780000.0,0.006711166,0
1026.1632,343.8871,-0.07197439,-0.7171306,19190073000.0,0.0,0
749.7228,362.00043,-0.43701798,-0.4617719,11356218000.0,0.015339808,0
722.1997,499.84622,-0.14538625,-1.2612994,12638924000.0,0.0,0
1553.2651,516.52985,-0.53290844,-0.7645866,43899875000.0,0.0,0
1611.1824,782.4507,-1.07952,-0.30754238,52562130000.0,0.0141893225,0
1008.5214,798.05756,-0.20882851,-1.6451492,27099322000.0,0.018024275,0
1556.7611,514.26215,-0.5401594,-0.7401113,44039710000.0,0.0,0
1424.842,558.1982,-0.33279765,-0.7707988,38367396000.0,0.0,0
1505.2472,477.9592,-0.42607552,-0.7778821,40865206000.0,0.0,0
1436.8735,621.5902,-0.84634024,-0.43465984,40156856000.0,0.0,0
1501.634,451.21167,-0.48803157,-0.4716852,40280010000.0,0.0,0
1032.6163,323.84415,-0.29622096,-0.105063275,19188474000.0,0.0,0
1208.8589,430.71866,-0.08473503,-0.63252306,26982130000.0,0.0,0
775.2432,488.84882,-0.25182578,-1.0772126,13762154000.0,0.0,0
1243.7609,381.46124,-0.21444573,-0.5874537,27729164000.0,0.0,0
1051.6042,546.03796,-0.5257636,-0.60744685,23003610000.0,0.0,0
842.0771,447.99026,-0.43268132,-0.5065101,14905984000.0,0.01744903,0
1461.0223,504.5367,-1.2074205,0.14416522,39143727000.0,0.0,0
1211.8417,571.3036,-1.1090448,-0.2512216,29408428000.0,0.0061359233,0
1380.9213,529.9595,-0.9263326,-0.50764215,35844923000.0,0.0,0
1043.0,422.20657,-0.7834721,-0.6701625,20743903000.0,0.0,0
1591.1129,464.25763,-0.6827201,-0.52752805,45009720000.0,0.0,0
1253.4857,568.60345,-0.96935225,-0.4163415,31040086000.0,0.0,0
890.3444,577.48584,-0.4922111,-1.3369838,18451710000.0,0.018599518,0
1435.0125,423.39658,-1.5682164,1.7044859,36676000000.0,0.0,0
1528.5402,521.7365,-1.5249346,1.4307163,42740023000.0,0.0,0
1756.2164,718.1385,-1.2826008,-0.040106162,58982710000.0,0.0,0
1386.5039,462.9864,-1.3195068,0.6529968,35008504000.0,0.0,0
826.20087,312.09665,-1.0375589,0.2941625,12779720000.0,0.0,0
1474.9623,400.61536,-1.2411282,0.8498092,38273130000.0,0.0,0
1440.212,585.17017,-1.3611841,0.6466681,39594144000.0,0.008628642,0
1639.3193,474.83524,-1.4241257,0.9527562,47723910000.0,0.0,0
1553.4241,657.995,-1.2785573,0.17935768,46630240000.0,0.0,0
1494.9233,428.2832,-0.42532963,-0.29647395,39620153000.0,0.0,0
1312.5654,554.60345,-0.8104646,0.092565574,33266287000.0,0.014764565,0
1499.768,557.45605,-0.42043307,-1.0508873,41944040000.0,0.0,0
1212.622,700.6047,-0.5076773,-1.1352192,32133920000.0,0.016873788,0
1554.1404,501.6066,-0.7136852,-0.50108814,43695497000.0,0.0,0
1433.1063,436.46927,-0.7196333,-0.45786676,36770595000.0,0.0,0
1198.8608,618.80133,-0.92471147,-0.545025,29821866000.0,0.021859227,0
1617.8414,578.6306,-0.86778164,-0.5334112,48369240000.0,0.0,0
1485.659,754.9102,-0.9840535,-0.52883744,45499550000.0,0.018024275,0
1452.593,512.11487,-0.43653187,-0.901265,38867567000.0,0.0,0
1009.6858,415.6097,-0.4930986,-0.60122067,19532954000.0,0.0,0
1516.3525,618.8906,-0.5151123,-1.2814149,43947635000.0,0.0,0
1730.8771,712.47833,-0.67642254,-1.1417156,57402343000.0,0.0,0
1507.3392,620.1395,-0.4853832,-1.3187709,43526468000.0,0.0,0
1370.4347,642.6338,-0.6788676,-1.0183172,37536883000.0,0.0,0
1500.2264,513.87714,-0.66610235,-0.45353943,41201648000.0,0.0,0
1212.8287,572.0519,-0.37590083,-0.26134205,29461660000.0,0.00958738,0
1714.1716,595.162,-0.9530304,-0.271933,53945995000.0,0.0,0
1709.9319,574.72626,-0.9049227,-0.31618837,53316436000.0,0.0,0
1520.7269,558.31055,-0.2086184,-1.2950641,42996875000.0,0.0,0
1152.8676,613.6362,-0.46737266,-1.0851567,27945419000.0,0.0,0
1692.2677,464.3343,-1.0304255,0.07826001,50452500000.0,0.0,0
1414.1459,502.41516,-1.0681281,0.68559,36900532000.0,0.0,0
1432.5924,446.12115,-0.4167265,-1.1657233,36886036000.0,0.0,0
1266.036,585.0396,-0.8429077,-0.45705476,31868820000.0,0.0,0
1196.0568,400.74716,-0.39281103,-0.68116105,26069402000.0,0.0,0
993.6104,518.4514,-0.3952874,-0.7298751,20579180000.0,0.009970875,0
1083.2888,596.23914,-0.35417318,-0.9228476,25051396000.0,0.0,0
977.87524,376.28632,-0.104622334,-0.58884555,17986870000.0,0.0,0
860.2711,425.72424,-0.46229932,-0.8073169,15094703000.0,0.013422332,0
1253.9548,637.49677,-0.07530386,-1.1822292,32420740000.0,0.0,0
1131.3787,800.3403,-0.032865454,-1.4519882,31466492000.0,0.018791264,0
1309.8696,541.2817,-0.260751,-1.1191121,32911266000.0,0.0,0
1560.5409,753.46497,-0.8086763,-0.70041,49201110000.0,0.0,0
1421.7876,582.4382,-0.47432205,-0.60843134,38677942000.0,0.0,0
1535.664,663.03375,-1.0748497,-0.30805758,45840425000.0,0.0,0
1466.6274,560.6943,-0.5262328,-0.4619077,40392690000.0,0.0,0
959.60297,441.8071,-0.05058345,-0.5971253,18285058000.0,0.0,0
1529.4067,544.1696,-0.9895804,-0.07662421,43175207000.0,0.0,0
1085.2338,426.7531,-0.7411384,-0.07588158,22279793000.0,0.0,0
1417.5211,398.48077,-0.4975928,-0.2675087,35523015000.0,0.0,0
1428.201,420.44,-1.171578,1.0506945,36315595000.0,0.0005752428,0
1086.7114,519.86237,-0.9451814,-0.19667912,23776436000.0,0.022242721,0
1517.1571,528.6234,-0.84531206,-0.5612229,42290516000.0,0.0,0
1636.7618,646.9205,-1.1801488,-0.10624299,50749362000.0,0.0,0
1520.833,526.91455,-0.8592924,-0.52856857,42443930000.0,0.0,0
1201.2551,484.78564,-0.7788659,-0.53964055,27492860000.0,0.0,0
1470.3174,429.07468,-0.7263494,-0.33760008,38435852000.0,0.0,0
1143.7725,428.2079,-0.53985727,-0.5165895,24438004000.0,0.0,0
907.98083,350.1424,0.4283024,0.37613326,15516120000.0,0.0,0
867.6573,507.61414,-0.25020432,-1.0155039,16556054000.0,0.0,0
1497.8429,570.0557,-0.74688506,-0.6842985,42082250000.0,0.0,0
1491.8146,762.5852,-0.7611836,-0.8878961,45990660000.0,0.0141893225,0
1016.63983,507.19412,0.8938908,0.3310613,21148506000.0,0.0,0
673.66174,593.0152,0.76554203,-0.12088309,13197101000.0,0.018791264,0
1390.142,450.19424,-0.13919948,-0.33092985,34982617000.0,0.0,0
792.16693,452.2161,-0.21004628,-1.1022722,13631945000.0,0.0,0
1690.2141,521.91815,-0.60002613,-0.67789096,51269177000.0,0.0,0
1363.1995,586.917,-1.0053283,-0.18323056,36090417000.0,0.0,0
1294.2656,604.9382,-0.79921716,-0.82599825,33440952000.0,0.0,0
1561.5234,530.6661,-0.58335847,-0.9255693,44563857000.0,0.0,0
1274.5731,636.0551,-0.7744006,-0.7147205,33244817000.0,0.012847089,0
1586.6897,537.7015,-0.67782456,-0.85441923,45985090000.0,0.0,0
1553.1062,605.3401,-0.99538153,-0.21907458,45524185000.0,0.0,0
1761.5386,413.98865,-1.3529806,1.2381855,53647850000.0,0.0,0
1540.2184,747.72144,-1.2281017,-0.02270955,48027402000.0,0.01744903,0
1396.862,521.9492,-0.65545696,-0.70664304,36432355000.0,0.0,0
1077.1675,623.85675,-0.5938623,-1.128093,25386795000.0,0.016682042,0
1430.3547,461.8636,-1.1312556,0.36279777,37015270000.0,0.0,0
1315.9255,575.3553,-1.2505165,0.057073727,33795174000.0,0.0,0
1492.5656,368.69995,-0.8875541,1.1321379,38726720000.0,0.0,0
1130.8065,454.61438,-1.1347159,0.59749484,24336753000.0,0.0,0
1501.6143,361.84805,-0.87565565,1.2310102,39088607000.0,0.0,0
1426.187,633.8028,-1.2149972,0.14197446,39906760000.0,0.0,0
1504.9976,468.61218,-0.7232394,-0.19940256,40707932000.0,0.0,0
1272.1366,718.798,-0.5758426,-0.89126545,34979877000.0,0.014764565,0
1493.4065,470.2106,-0.66811234,-0.3218175,40163100000.0,0.0,0
1188.6362,550.0301,-0.7518081,-0.35694328,28104935000.0,0.0120800985,0
1156.9703,620.77515,-0.5423882,-1.269739,28245070000.0,0.0,0
1599.1783,356.90042,-0.7049651,-0.010756356,43986930000.0,0.0,0
1698.9902,597.53827,-1.5112077,1.614671,53143460000.0,0.0030679617,0
1699.785,341.3331,-1.5721656,2.1224463,49246660000.0,0.0,0
1705.2672,778.1476,-1.4612495,0.4128707,57564360000.0,0.0,0
1421.642,392.78476,-1.0375397,0.28717983,35640865000.0,0.0,0
1396.398,496.2693,-1.4638464,0.78676426,35982713000.0,0.0,0
1415.1757,395.57166,-1.0131456,0.23773718,35376316000.0,0.0,0
1054.0574,387.6061,-1.164591,0.2865075,20664738000.0,0.0,0
967.6508,486.9995,-1.0902545,-0.28797168,19226896000.0,0.017257284,0
1402.9545,488.63538,-0.6584512,-0.5834166,36160238000.0,0.0,0
1038.4462,410.63037,-0.711635,-0.5776749,20430647000.0,0.0,0
1202.2289,632.8589,-0.8831997,-0.7056943,30242644000.0,0.0,0
1098.2223,449.74158,0.152116,-0.5594261,23074566000.0,0.0,1
967.17474,363.3684,0.03120851,-0.49205053,17489324000.0,0.0,1
700.0174,295.13818,0.15147145,-0.38955534,9455712000.0,0.0,1
1038.651,401.9477,0.080113456,-1.0659425,20322021000.0,0.0,1
655.6076,323.4416,-0.23779851,-0.7687947,8756195000.0,0.0,1
728.37854,462.9833,-0.17689818,-1.023319,12204258000.0,0.017257284,1
1123.9199,414.8441,-0.28598422,-0.9315642,23515820000.0,0.0,1
799.05286,474.2591,-0.40999633,-1.0102539,14146062000.0,0.018216021,1
685.73706,341.4096,-0.39646703,-0.6649564,9614063000.0,0.0,1
1118.3722,310.14603,-0.16953525,0.668289,22068380000.0,0.0,1
1269.2032,557.333,-1.0202355,-0.23298876,31481809000.0,0.0,1
819.6151,402.72263,-0.48604062,0.033915292,13663510000.0,0.001917476,1
1218.939,382.06107,-0.06852133,-0.4084142,26735129000.0,0.0,1
1240.3337,641.2723,-0.6947865,-0.5153296,31943197000.0,0.018216021,1
1045.2543,617.4961,-0.020761032,-0.72275543,24147690000.0,0.016873788,1
838.49634,496.61752,0.27678236,-1.106761,15559969000.0,0.0,1
583.76544,418.27124,0.18437952,-1.0553058,8449768400.0,0.021283984,1
408.21512,287.47794,0.5317288,0.5578092,4084255200.0,0.019750003,1
1429.8783,446.2982,-0.64229965,-0.8052853,36761338000.0,0.0,1
988.0025,401.70007,-0.46533623,-0.27245456,18636997000.0,0.0049854377,1
736.2625,286.87277,-0.051136754,0.66779244,10229816000.0,0.0,1
1052.7123,280.65323,0.34700328,0.11759254,19447304000.0,0.0,1
1173.4473,546.2374,-0.74271786,-0.42789918,27448998000.0,0.0,1
1123.3302,640.3382,-0.6189189,-0.85262656,27392473000.0,0.018599518,1
1113.1271,361.48865,0.1249183,0.23234166,22441589000.0,0.0,1
1107.7766,554.20966,-0.44576567,-0.93084085,25138256000.0,0.01361408,1
807.19476,551.5988,-0.110163964,-1.0030956,15660231000.0,0.017257284,1
1149.5951,332.17453,0.43145433,0.6071386,23460393000.0,0.0,1
834.55237,342.01666,0.4599166,0.9077715,13327615000.0,0.0011504856,1
605.32166,352.24713,0.38629255,0.5676817,8036226600.0,0.016873788,1
1173.6503,425.92816,0.44218394,-0.49685723,25540524000.0,0.0,1
1150.6722,734.7216,-0.08871873,-1.208945,30537523000.0,0.0,1
936.53076,682.60254,-0.04502768,-1.3915486,22004304000.0,0.018791264,1
1186.6746,497.06888,0.17984506,-1.0249567,27120011000.0,0.0,1
844.9081,493.63043,0.48402822,-0.529025,15688347000.0,0.006711166,1
751.66077,533.5843,0.39547336,-0.379143,13921584000.0,0.017065536,1
1281.4037,377.54135,-0.07442562,-0.644035,29237787000.0,0.0,1
1004.2674,413.3724,-0.59892404,-0.31168896,19323777000.0,0.0,1
1009.4746,427.80966,-0.9010422,-0.01438596,19694553000.0,0.0,1
1009.0945,325.50293,1.9825833,4.8688536,18419284000.0,0.0,1
1217.1874,334.90335,1.122031,2.197037,26111269000.0,0.0,1
1029.6777,492.00568,-0.39269915,0.5752451,21336980000.0,0.0,1
1098.2079,404.0012,0.13028027,-0.29120818,22434245000.0,0.0,1
783.7661,476.7054,-0.18077613,-0.9479819,13787748000.0,0.0,1
730.7378,493.36084,-0.029563457,-1.2528291,12736636000.0,0.0,1
1338.5773,397.07648,-0.48063415,-0.36340737,31939932000.0,0.0,1
1063.4893,550.7032,-0.55568886,-0.5329742,23499299000.0,0.0,1
954.14716,426.92166,-0.15458587,-0.22792067,17902123000.0,0.0,1
1456.5778,404.3363,-0.6151218,-0.30630812,37439190000.0,0.0,1
1334.5118,437.69427,0.023148712,-0.58214265,32317410000.0,0.0,1
1096.3582,602.7004,-0.04284321,-0.3308271,25645038000.0,0.018983012,1
1658.1359,568.65393,-0.54479337,-1.0069445,50344456000.0,0.0,1
1693.5004,556.5596,-0.6940903,-0.8494016,52063470000.0,0.0,1
1747.4819,447.48874,-1.2261364,0.91576546,53312540000.0,0.0,1
1464.1312,646.1594,-1.394035,0.5139416,41962738000.0,0.01438107,1
1752.7515,458.41455,-1.3209115,1.1207985,53776904000.0,0.0,1
1321.1489,542.81146,-1.1289243,0.12801212,33424650000.0,0.0,1
1619.0763,581.8476,-0.36012244,-1.0245436,48495895000.0,0.0,1
1298.7461,657.9451,-0.65828794,-0.7323452,34728070000.0,0.0,1
1720.7694,468.47522,-1.2337794,0.7037014,52109580000.0,0.0,1
1407.7885,520.3314,-1.4080101,0.68272567,36906815000.0,0.0,1
1797.5045,451.01965,-1.1558721,0.25394478,56269885000.0,0.0,1
1441.3898,611.6993,-1.2095623,0.2340452,40169970000.0,0.0,1
1488.6953,404.67496,0.1636297,-0.66241866,38993520000.0,0.0,1
1579.7985,442.7794,-0.10135174,-0.5272907,44102730000.0,0.0,1
1057.5063,574.86255,-0.46085453,-0.735388,23736922000.0,0.0,1
966.14124,327.3388,0.74271923,1.4549996,17048856000.0,0.0,1
904.50885,388.57358,-0.23136075,0.7807619,15878154000.0,0.009779127,1
1467.9012,574.54474,-0.71286154,-0.57086927,40711550000.0,0.0,1
1387.2162,560.6664,-0.94635314,-0.31565192,36679115000.0,0.0,1
1343.0507,527.41376,-0.58898646,-0.77490735,34110673000.0,0.0,1
720.7318,396.11798,-0.29644516,-0.85849893,11081545000.0,0.0,1
1135.6464,319.9312,0.5903739,0.15236332,22807325000.0,0.0,1
991.6873,399.74612,-0.6845982,0.8747663,18730856000.0,0.013997574,1
1600.4124,449.04865,-0.9202705,0.48896196,45268410000.0,0.0,1
1420.7119,661.12024,-0.93531495,-0.21537952,40230953000.0,0.0,1
1051.1666,335.62546,0.09734466,0.26223767,19949087000.0,0.0,1
780.60126,385.1832,-0.2355123,0.46068752,12414228000.0,0.0,1
980.8153,284.52673,0.1657779,-0.25670907,17087761000.0,0.0,1
879.3407,319.14673,-0.8756293,0.101630285,14337551000.0,0.0,1
1485.6848,441.73608,-1.3054186,0.57316977,39360758000.0,0.0,1
1234.8567,558.60693,-1.3020053,0.28851107,30095976000.0,0.015531556,1
1422.6174,639.8288,-0.5902632,-1.089527,39865900000.0,0.0,1
996.2766,481.0432,-0.58645445,-0.9264332,20053518000.0,0.0,1
986.74414,338.91476,0.1707507,-0.17239705,17834428000.0,0.0,1
974.1514,510.77448,-0.36740956,-0.50343704,19822373000.0,0.0,1
1335.7927,429.60025,-0.30370423,-0.13194102,32258433000.0,0.0,1
1269.2153,650.5637,-0.42672175,-0.5193178,33327364000.0,0.017257284,1
1295.3771,421.16483,-0.7375979,0.31284267,30398575000.0,0.0,1
963.4944,405.4925,-0.8765274,-0.39934114,17903544000.0,0.0,1
1495.9408,627.5176,-0.26036096,-1.2140664,43116413000.0,0.0,1
1599.6537,732.90656,-0.6636702,-0.79959756,50725585000.0,0.0,1
1315.193,514.12103,-0.092496485,-0.84590745,32670566000.0,0.0,1
1282.593,551.4155,-0.4861981,-0.9640152,31934116000.0,0.0,1
1317.6719,419.32663,0.5544642,-0.0405825,31327748000.0,0.0,1
1116.6526,492.14813,-0.47258744,-0.32758048,24397790000.0,0.0,1
1470.0696,600.5967,-0.30054724,-1.0198228,41317510000.0,0.0,1
1256.8458,486.63242,-0.5647622,-0.7969424,29761087000.0,0.0,1
1485.0321,604.56903,-0.7926365,-0.4178883,42120380000.0,0.0,1
1263.4269,488.82742,-0.9646313,-0.43779296,30067913000.0,0.0,1
1217.2699,601.8641,-1.011258,-0.47374353,30211873000.0,0.017832527,1
1723.9014,489.62302,-1.1149287,0.058452576,52618310000.0,0.0,1
1626.1456,549.57477,-1.3821185,0.93178564,48273523000.0,0.0,1
1595.5605,496.09906,-1.0872699,0.55277735,45742944000.0,0.0,1
1540.913,690.8746,-1.129246,-0.1939066,46722590000.0,0.0,1
1532.1428,458.86673,-0.04816144,-0.41864255,41910608000.0,0.0,1
1192.8818,610.6887,-0.63583183,-0.80466264,29424153000.0,0.0,1
1676.7994,536.51666,-1.0503553,-0.09604725,50782314000.0,0.0,1
1602.049,554.69543,-1.2026072,0.36247012,47091675000.0,0.0,1
1479.5374,633.5293,-0.41826686,-1.1771938,42440954000.0,0.0,1
982.5603,614.7292,-0.16431764,-1.1342659,22008902000.0,0.018791264,1
1438.0797,576.64966,-0.16208357,-1.1196,39331400000.0,0.0,1
1125.8729,586.96,-0.51537704,-0.91481817,26412839000.0,0.016682042,1
1335.233,448.59995,-0.4260535,-0.93794334,32507316000.0,0.0,1
1016.54083,373.54706,-0.6664395,-0.47441724,19216675000.0,0.0,1
1092.6917,342.29898,1.0324544,2.497734,21481777000.0,0.0,1
986.266,492.37308,-0.6390956,0.1763611,19909048000.0,0.018791264,1
1561.2576,500.8651,-0.96612287,0.39303342,44046600000.0,0.0,1
1557.525,646.8606,-1.1847343,0.41888556,46601224000.0,0.010929613,1
1040.9855,275.80096,-0.12763008,0.20512109,19000801000.0,0.0,1
898.5572,445.93262,-0.751099,-0.16087213,16486578000.0,0.0,1
1375.6318,467.94965,-0.74993825,0.11309319,34592190000.0,0.0,1
1300.677,653.9555,-0.8376578,-0.40445668,34724553000.0,0.0,1
1308.4404,326.58005,0.08741318,-0.134914,29797102000.0,0.0,1
1042.6326,331.5954,-0.9921863,1.0621197,19612273000.0,0.0,1
1066.0162,425.63116,-0.46636784,-0.90788364,21586780000.0,0.0,1
1030.3007,403.73898,-0.3679352,-0.77226496,20062614000.0,0.0,1
1064.7013,380.41284,-0.55799496,-0.6565214,20943712000.0,0.0,1
934.29315,347.45914,-0.7438676,-0.40852585,16279660000.0,0.0,1
1318.7877,591.04254,-0.36844352,-0.540618,34218514000.0,0.0,1
1200.2104,628.6998,-0.48948443,-0.6533304,30077233000.0,0.0036432045,1
1223.9558,354.67792,-0.51512486,0.64134806,26605392000.0,0.0,1
1020.50507,375.93704,0.41614723,1.398285,19378328000.0,0.0,1
1048.1024,277.44107,0.113882735,1.1514994,19259265000.0,0.0,1
997.84784,296.6184,-0.120876454,0.73605216,17755060000.0,0.0,1
1417.7251,641.5644,-0.5964184,-0.93309224,39674663000.0,0.0,1
1595.7052,648.35394,-1.1301883,-0.15791835,48605393000.0,0.0021092235,1
1447.8981,653.09033,-0.5940614,-0.8473989,41335780000.0,0.0,1
1038.1442,545.068,-0.2605682,-0.9134822,22525417000.0,0.0015339808,1
1757.1604,478.99637,-1.0610815,0.073984586,54346547000.0,0.0,1
1609.4258,493.14633,-1.2294476,0.8714421,46423160000.0,0.0,1
976.97296,301.0332,0.25244755,0.82462174,17122872000.0,0.0,1
753.3866,289.65738,0.92296755,1.0634614,10674057000.0,0.0,1
1091.8022,344.00897,0.3113976,-0.00968359,21469172000.0,0.0,1
602.3866,308.6872,0.059245117,0.3009379,7506451000.0,0.016298546,1
1089.2655,441.6816,1.4091815,2.1396596,22635840000.0,0.0,1
1244.7114,637.2557,-0.52919585,-0.05988171,32037296000.0,0.017257284,1
1061.2114,624.45514,0.40281758,-0.9997069,24840012000.0,0.0,1
1144.6976,818.8076,0.042931914,-1.45733,32453077000.0,0.01994175,1
1235.154,690.36273,-0.2948704,-1.3538582,32804147000.0,0.0,1
917.3168,617.86536,-0.21633786,-1.3560834,20041361000.0,0.016490294,1
1558.2147,544.53455,-0.4812892,-0.46042067,44639044000.0,0.0,1
1351.1028,590.02185,-0.8371201,-0.3996197,35612340000.0,0.0,1
1051.1997,504.74548,0.95027435,0.10757258,22278780000.0,0.0,1
801.0843,603.667,0.64512265,-0.11345684,16484761000.0,0.019750003,1
1385.5559,522.8125,-0.36705458,-0.6743444,35931718000.0,0.0,1
1123.0469,492.7952,-0.66676253,-0.57950777,24642870000.0,0.0,1
1189.6124,517.9309,0.7469043,-0.2371928,27581321000.0,0.0,1
820.093,486.87323,0.4794556,0.045607775,14902857000.0,0.0,1
945.7695,306.61234,0.46700105,0.57452697,16195438000.0,0.0,1
699.01575,355.31454,-0.58781457,-0.8752963,10074054000.0,0.0,1
1422.1107,610.4423,-0.25231114,-1.1439196,39240315000.0,0.0,1
771.3438,481.79004,-0.06801767,-1.1459999,13551091000.0,0.018216021,1
1204.257,523.5082,-0.34862283,-1.1285568,28250860000.0,0.0,1
916.0474,525.2969,-0.33580038,-0.9534807,18269465000.0,0.019558255,1
1173.8573,544.5927,-0.3233616,-1.1982723,27435370000.0,0.0,1
1267.35,698.92706,-0.48133528,-1.2790927,34319153000.0,0.0,1
1216.5305,466.4691,-0.5647238,-0.30294532,27812491000.0,0.0,1
1091.0212,484.59497,-0.6701559,-0.76600695,23349815000.0,0.0,1
1370.9487,542.5061,-0.5734455,-0.97682667,35615756000.0,0.0,1
1210.3019,621.12494,-0.66320586,-0.70524526,30320673000.0,0.015339808,1
771.1587,578.52313,0.042879704,-1.6766479,15226876000.0,0.0,1
1307.472,522.2906,-0.006678621,-0.7865549,32477522000.0,0.0,1
1014.2983,436.44925,-0.09967031,-0.6218868,19976829000.0,0.0,1
1192.3839,281.25568,1.3504896,2.1084218,24590486000.0,0.0,1
959.70886,400.4371,-0.085070506,1.8355256,17717510000.0,0.01917476,1
1342.792,319.71747,0.49611863,0.54897285,31216590000.0,0.0,1
1318.7065,270.2524,0.123163216,0.93165153,29688190000.0,0.0,1
1203.386,460.6562,-0.48054567,-1.3128667,27203043000.0,0.0,1
1277.8269,623.4119,-0.76852757,-0.93528986,33119996000.0,0.0,1
1275.0156,395.35486,0.29494813,0.44066703,29195803000.0,0.0,1
1256.9662,524.41583,-0.62969923,0.26162532,30391925000.0,0.0,1
1033.5997,348.71655,-0.092747584,-0.027309967,19495842000.0,0.0,1
1100.105,425.778,-0.7103591,-0.07563842,22798630000.0,0.008053399,1
1439.6738,405.3549,-0.57230365,-0.36552864,36650574000.0,0.0,1
1568.7917,531.1563,-1.070506,0.58597755,44945154000.0,0.0,1
1350.923,540.78937,0.08648458,-1.1856662,34692240000.0,0.0,1
1516.95,522.6187,-0.3360377,-1.0516932,42176800000.0,0.0,1
1157.152,301.15265,0.39669487,0.6077433,23424098000.0,0.0,1
1051.7878,500.26035,-0.9322993,-0.5823751,22225193000.0,0.0,1
1100.18,596.21924,-0.95116067,-0.599404,25655271000.0,0.019750003,1
1063.3672,484.0519,0.3997006,-0.88252383,22365078000.0,0.0,1
744.9394,509.75186,0.168224,-0.9006192,13349382000.0,0.017640779,1
1231.989,477.6052,0.5023223,-0.8243384,28604887000.0,0.0,1
894.42993,423.44913,0.18273257,-0.5437728,16045082000.0,0.010737865,1
1335.9462,440.15063,0.02470334,-0.7772499,32415494000.0,0.0,1
1308.4207,447.86548,-0.062210605,-0.7791281,31335186000.0,0.0,1
932.33624,418.7217,0.36222214,-0.5994539,17114377000.0,0.0,1
745.24396,363.69583,-0.17450088,-0.7243097,11266674000.0,0.0,1
1150.6589,496.2331,-0.3679849,-0.85506964,25727195000.0,0.0,1
905.17786,475.0842,-0.18228404,-0.47000754,17122131000.0,0.0,1
1009.15497,596.92346,-0.33585146,-0.7082694,22523271000.0,0.02396845,1
1267.2421,435.35532,-0.26026124,-0.47340786,29416434000.0,0.0,1
1073.0525,497.1897,-0.31767014,-0.48097554,22915305000.0,0.0,1
1214.1306,382.01224,-0.61965764,0.1179651,26542842000.0,0.0,1
1142.1713,513.15015,-0.83811855,-0.68669033,25688120000.0,0.0,1
1297.9446,379.33813,-0.4164733,-0.22129506,29959086000.0,0.0,1
1002.4652,393.45193,-0.849594,0.45010048,19001194000.0,0.0,1
1797.4211,465.56238,-1.5205178,1.3937558,56483370000.0,0.0,1
1833.4133,490.2427,-1.621692,1.8457038,59010945000.0,0.0,1
1287.5284,686.8541,-0.09970781,-1.1792927,34889700000.0,0.0,1
1164.3317,742.8355,-0.30889708,-1.3079383,31252036000.0,0.016298546,1
1433.6383,442.29865,-0.28885606,-0.30404636,36879510000.0,0.0,1
1204.1577,492.9077,-0.9652619,-0.05346962,27737356000.0,0.0,1
1723.0162,536.2118,-0.98389065,-0.21035802,53351346000.0,0.0,1
1675.0721,762.17456,-1.3450987,0.29144964,55488950000.0,0.013038836,1
1462.4678,595.14575,-0.6367316,-0.64028984,40845490000.0,0.0,1
1427.3396,757.7697,-0.7878173,-0.80538994,42787033000.0,0.010929613,1
1692.4254,541.7375,-1.1678632,0.05682442,51737120000.0,0.0,1
1560.35,550.7742,-1.1052766,-0.029611545,44860113000.0,0.0,1
1706.5231,515.7063,-1.318439,0.4581631,52071203000.0,0.0,1
1727.7642,755.37317,-1.3247354,0.08925577,58257530000.0,0.0,1
1802.7949,539.72266,-1.2482712,0.42298552,58021806000.0,0.0,1
1694.7764,550.4094,-1.2285649,0.39056137,52022764000.0,0.0,1
882.1493,347.9996,1.1071111,3.06151,14733985000.0,0.0,1
616.1114,384.7714,0.90162235,2.6436896,8644891000.0,0.019366508,1
488.71497,293.37976,0.51562226,2.0661352,5323391000.0,0.0,1
1013.59784,433.6092,0.70390046,0.9321292,19913073000.0,0.0,1
989.95746,513.6711,0.47667217,0.3356236,20379630000.0,0.0007669904,1
1073.9349,344.87604,0.35394987,-0.09721058,20844968000.0,0.0,1
644.32007,417.96564,0.010499768,-0.45399612,9663999000.0,0.021283984,1
940.3894,237.9801,1.1550691,3.4064538,15416800000.0,0.0,1
776.80414,341.64084,-0.32340366,1.9236007,11798825000.0,0.01744903,1
925.5965,456.58475,0.63838226,-0.49294016,17452212000.0,0.0,1
586.8034,385.6716,0.29049397,-0.6633352,8078636000.0,0.0,1
1349.1168,616.07855,-0.18637034,-1.3391036,36039377000.0,0.0,1
948.2168,553.9615,0.026121618,-0.95582575,19758914000.0,0.0120800985,1
1172.3928,392.8169,-0.42125916,-0.77967125,25048023000.0,0.0,1
1091.0233,490.11197,-0.71200293,-0.5166077,23437994000.0,0.0,1
940.7656,369.18018,1.0966969,2.5322778,16733536000.0,0.0,1
773.8363,470.51544,0.90331995,1.686883,13438278000.0,0.014764565,1
1384.6958,491.07047,-0.7954796,-0.6133757,35365400000.0,0.0,1
1290.3179,454.9449,-0.95201945,-0.33088955,30669128000.0,0.0,1
1526.0585,521.8451,-0.5831264,-0.4280564,42617676000.0,0.0,1
1524.5265,638.0678,-1.0984459,0.108088985,44749808000.0,0.0,1
1154.4625,403.98032,0.38313788,-0.049839403,24510198000.0,0.0,1
1066.1919,506.5117,-0.6879321,-0.61576325,22828143000.0,0.0,1
1017.0722,600.95294,-0.5055006,-0.7974338,22865189000.0,0.0,1
1528.6626,497.49182,-0.8801384,-0.48583305,42341290000.0,0.0,1
1317.3754,492.83157,-1.0666589,-0.029641164,32413463000.0,0.0,1
1119.0352,438.156,0.8363633,0.9441873,23662109000.0,0.0,1
1367.7448,691.7147,-0.75094324,-0.35105792,38489207000.0,0.019750003,1
1126.6364,431.70157,0.24170093,-0.6953328,23849791000.0,0.0,1
1275.3865,665.9196,-0.49714467,-0.6702895,33915857000.0,0.016490294,1
1052.7336,420.85754,0.5767875,0.1050521,21059490000.0,0.0,1
1038.4655,432.37195,0.22493486,0.07163754,20731593000.0,0.0,1
1043.0731,343.39627,0.87289166,1.3401655,19757834000.0,0.0,1
660.7018,378.6256,0.16027549,0.028187525,9500824000.0,0.019366508,1
1128.689,271.2077,-0.34244496,2.2308865,22077317000.0,0.0,1
768.55756,263.0702,-0.5583865,1.5731319,10811582000.0,0.0,1
904.28613,362.8309,0.15992619,-0.26322123,15554636000.0,0.0,1
868.60126,418.42654,-0.4346163,-0.48499972,15229729000.0,0.011504856,1
925.12286,391.42264,1.750718,3.095729,16532506000.0,0.0,1
764.55066,404.16125,0.28144252,1.8769633,12253332000.0,0.017257284,1
934.2014,285.0167,0.71746105,1.2487148,15629792000.0,0.0,1
843.2368,397.9276,-0.66317123,-0.2786837,14244164000.0,0.0,1
1150.1625,370.19815,-0.710411,-0.12358161,23919337000.0,0.0,1
1195.8323,623.70703,-0.93454623,-0.6514882,29802912000.0,0.020133497,1
1254.1411,429.18967,0.21601054,-0.26664254,28787894000.0,0.0,1
1053.1517,524.2279,-0.7929364,-0.2865573,22674532000.0,0.019366508,1
1419.1189,381.6329,-0.07802917,-0.76128566,35381940000.0,0.0,1
1839.3115,506.1414,-1.4056304,1.8740331,59625410000.0,0.0,1
1333.8683,465.1602,0.24591258,-0.74864304,32695562000.0,0.0,1
1357.5789,513.8874,-0.33290386,-0.17487174,34522740000.0,0.0,1
832.2331,345.17416,2.0971713,4.846871,13299828000.0,0.0,1
1033.1777,357.0416,0.13893117,3.2943869,19577813000.0,0.0,1
829.32,346.2542,2.1378994,4.9922647,13232762000.0,0.0,1
779.19226,246.93495,1.269366,4.4930654,10946436000.0,0.0,1
1236.8177,539.329,-0.15248357,-0.875605,29828612000.0,0.0,1
996.6811,481.5673,-0.13073742,-0.8988654,20074994000.0,0.0,1
1069.5002,531.30743,0.5961417,-0.1928416,23365526000.0,0.0,1
708.08655,434.73654,0.5276612,-0.103210285,11311225000.0,0.0,1
1039.5735,370.5515,0.5019865,-0.67088753,19956066000.0,0.0,1
722.01935,384.21237,-0.10628035,-0.61649543,10959768000.0,0.0,1
1342.8993,530.6073,-0.3637193,-1.0019947,34159372000.0,0.0,1
1410.312,692.9053,-0.6460177,-0.76478404,40453693000.0,0.0141893225,1
1215.9172,438.37607,0.42299837,-0.09775363,27371575000.0,0.0,1
883.5274,476.21088,-0.09286664,-0.45753953,16505201000.0,0.01917476,1
1555.0756,518.2827,-1.1863601,0.658753,44021790000.0,0.0,1
960.7239,439.26163,-0.6358196,-0.67794687,18283580000.0,0.0,1
889.5384,344.08334,1.2783421,1.8679935,14904064000.0,0.0,1
594.2336,315.4688,0.6061746,1.3934724,7415957000.0,0.0,1
1007.4395,481.00024,0.46293035,-0.9960495,20419308000.0,0.0,1
682.6136,440.53348,0.38058987,-0.5309967,10813948000.0,0.0,1
1046.1722,499.3181,0.3274546,-0.92293316,22016737000.0,0.0,1
1031.1045,451.85907,-0.38766572,-0.4235445,20764316000.0,0.0,1
995.23047,482.98788,0.40762824,-0.80745053,20050100000.0,0.0,1
901.92303,464.27673,-0.0025943045,-0.5114384,16859432000.0,0.0,1
1328.9603,470.21347,-0.7204678,-0.09977401,32558879000.0,0.0,1
1017.9153,509.09598,-0.475571,-0.47861776,21222690000.0,0.009779127,1
1358.7521,459.12305,-0.80680215,0.1409455,33701904000.0,0.0,1
1371.332,652.20496,-0.91494644,-0.3334113,37780240000.0,0.0,1
1492.598,451.06155,-0.82965,0.6862083,39834505000.0,0.0,1
1809.6411,547.8122,-1.6243958,1.575723,58571150000.0,0.0,1
1201.633,456.72275,0.3366647,-0.48387492,27074850000.0,0.0,1
1105.4849,437.21167,-0.19408743,-0.55328184,23154704000.0,0.0007669904,1
1143.9661,373.44275,0.5792749,0.29655266,23725963000.0,0.0,1
793.4799,334.85037,-0.31500083,0.17368685,12152588000.0,0.0,1
1093.9419,412.47815,0.10124091,-0.10183019,22394423000.0,0.0,1
1029.9236,374.07193,0.0014324302,0.21249829,19671818000.0,0.0,1
1341.0822,436.65106,0.14466855,-0.5003006,32590486000.0,0.0,1
1301.6135,497.30588,-0.22938415,-0.00645452,31809716000.0,0.0,1
1181.4899,463.44492,-0.38254678,-0.619478,26389699000.0,0.0,1
882.6563,529.90137,-0.39455813,-1.088904,17365035000.0,0.01840777,1
1098.0181,305.64038,0.19578375,0.77351075,21283793000.0,0.0,1
875.3088,456.80478,-0.49749157,-0.28853172,15971713000.0,0.0,1
1417.3451,591.01556,-0.23782764,-0.77606475,38636200000.0,0.0,1
1174.5863,712.1625,-0.2712407,-1.028373,30913798000.0,0.019750003,1
1152.9935,371.1844,0.039899386,0.40045744,24038146000.0,0.0,1
859.47974,307.61862,-0.11670354,0.72947854,13653354000.0,0.0,1
1420.8925,491.86453,-0.14132214,-1.0869476,37042030000.0,0.0,1
1361.3215,663.38654,-0.884887,-0.38889372,37573067000.0,0.0,1
1554.4973,566.5592,-0.67316455,-0.7721413,44850405000.0,0.0,1
1442.8237,619.3488,-1.1163093,-0.04528101,40392020000.0,0.012271847,1
812.81586,315.08664,-0.44692302,-0.4201768,12451007000.0,0.0,1
634.7653,265.80478,-0.45533213,-0.49154273,7759121400.0,0.0,1
1226.3694,320.3199,0.19639145,-0.12344535,26322317000.0,0.0,1
904.9252,335.25964,-0.4857554,0.26104406,15258233000.0,0.0,1
841.62714,308.4897,1.5872099,4.502788,13164579000.0,0.0,1
733.03235,306.95053,-0.16688703,1.9840615,10347398000.0,0.0,1
1008.32025,486.79144,1.1037468,0.96691537,20540223000.0,0.0,1
633.62305,454.02368,0.8423636,0.5465296,9955175000.0,0.015915051,1
1693.5969,625.1687,-1.1990612,-0.078125216,53397197000.0,0.0,1
1617.9718,653.6781,-1.2222496,0.026345521,49891373000.0,0.0,1
1114.2903,758.20325,0.60293144,-1.1481518,29761782000.0,0.0,1
948.7242,799.4814,0.68675786,-1.0566208,25219040000.0,0.013422332,1
752.5017,494.82767,1.305888,1.0566409,13289280000.0,0.0,1
703.59094,575.4048,1.3213061,0.9278279,13535329000.0,0.0007669904,1
1068.8876,457.33017,0.065578274,-0.6907716,22145786000.0,0.0,1
715.9154,494.57175,0.062472038,-0.97525156,12404917000.0,0.019366508,1
842.3874,441.86395,1.2796015,1.330842,14825231000.0,0.0,1
646.88556,492.7371,1.2593552,1.6174427,10833932000.0,0.018024275,1
1100.2461,360.1065,1.4644557,2.9419167,21958134000.0,0.0,1
1109.1421,542.7817,-0.71975964,0.4674842,24982456000.0,0.01994175,1
1533.9482,529.4167,-0.5679674,-0.046717644,43143647000.0,0.0,1
1790.7684,644.19714,-1.4481889,1.1263044,59340250000.0,0.011696603,1
1122.9481,359.21164,0.14803305,-0.39126706,22774505000.0,0.0,1
1124.5164,480.73688,-0.71143645,-0.55105805,24504648000.0,0.0,1
1659.5182,549.7269,-0.76770246,-0.49854332,50072790000.0,0.0,1
1321.943,656.8596,-0.6760204,-0.85087234,35700700000.0,0.0,1
1437.5442,805.2725,-0.6725771,-0.9445387,44482515000.0,0.015723303,1
1662.5709,545.20496,-0.7622163,-0.4973312,50157826000.0,0.0,1
1290.9404,402.24164,-0.88338155,-0.15338618,29955283000.0,0.0,1
1811.4045,594.1664,-1.009493,-0.14794514,59543065000.0,0.0,1
1776.7236,828.93787,-1.2213358,-0.09531277,62978208000.0,0.013805827,1
1539.7426,493.27884,-0.86636996,-0.34831685,42829922000.0,0.0,1
1392.5452,502.44586,-0.83272564,-0.19829519,35907727000.0,0.0,1
1041.1194,385.79584,0.8591463,0.43747082,20197670000.0,0.0,1
777.59,477.3272,0.45742112,0.35270044,13639476000.0,0.018024275,1
995.585,311.47745,0.49925983,0.043811742,17829196000.0,0.0,1
909.2826,388.32587,-0.21542042,-0.1497163,16016864000.0,0.0,1
913.73517,364.1136,1.1921948,1.3497498,15851367000.0,0.0,1
1013.4201,408.54202,0.78326327,1.2083955,19561298000.0,0.0003834952,1
1706.7491,475.47858,-0.6244358,-0.11935436,51430564000.0,0.0,1
1600.0576,579.05176,-1.2532027,0.9456125,47439634000.0,0.004218447,1
1688.4927,481.5222,-0.48374856,-0.5388249,50509763000.0,0.0,1
1233.072,578.18195,-0.5970204,-0.42008522,30388404000.0,0.0069029136,1
1595.561,504.2164,-0.75279313,-0.44930828,45876003000.0,0.0,1
1637.2739,649.92633,-1.144743,0.006061785,50840703000.0,0.0,1
1653.4058,457.52148,-1.1742532,0.9778435,48219360000.0,0.0,1
1499.4377,660.32446,-1.1835545,0.19379377,43980260000.0,0.0,1
1310.1703,510.7191,-0.48966166,-1.0678295,32397394000.0,0.0,1
1428.0476,800.3974,-0.54863673,-1.206149,43908400000.0,0.011313109,1
1386.5775,510.77292,-0.5457929,-0.97580117,35774235000.0,0.0,1
1497.9956,763.9264,-0.8220733,-0.7747985,46326977000.0,0.018599518,1
1319.1625,691.9273,-0.32583648,-1.1099727,36355326000.0,0.0,1
1150.712,573.2197,-0.093997985,-1.0600516,27078150000.0,0.0,1
1635.0868,548.98615,-1.1204084,0.6344476,48740670000.0,0.0,1
1308.3944,539.88165,-0.64429355,-0.46088484,32823185000.0,0.0,1
1447.0519,574.40564,-0.76616716,-0.60872805,39713194000.0,0.0,1
1273.4971,692.4858,-0.7016992,-0.92038983,34428215000.0,0.012847089,1
1804.0607,408.85684,-1.1573075,0.7629289,56062747000.0,0.0,1
1358.1799,426.28494,-0.9015285,0.9966465,33200073000.0,0.0,1
1581.9603,546.1002,-0.6948082,-0.6477071,45888700000.0,0.0,1
1467.621,609.2823,-0.51434785,-0.6871827,41371830000.0,0.0,1
1693.7625,517.6895,-0.90723085,-0.18227166,51393884000.0,0.0,1
1440.3229,640.08704,-1.1426538,0.04829216,40701813000.0,0.009970875,1
1419.7577,393.73724,-0.2955376,-0.6755486,35565420000.0,0.0,1
1681.3285,442.97073,-0.8319086,0.4146373,49530286000.0,0.0,1
1424.8186,389.6733,-0.27790245,-0.723319,35749122000.0,0.0,1
1372.7733,462.07712,-1.2133499,1.1153508,34373990000.0,0.0,1
1235.3558,511.9579,0.15331861,-1.1169662,29297950000.0,0.0,2
871.04663,512.7479,-0.042554513,-0.9875351,16738430000.0,0.0,2
884.23987,513.2214,-0.07856174,-1.0125083,17125807000.0,0.0,2
1053.0282,428.65665,0.76095754,0.09206762,21178200000.0,0.0,2
563.8935,451.0714,0.75374764,0.43183374,8543294000.0,0.019366508,2
590.64545,485.82632,0.85942185,0.6176084,9582825000.0,0.020325245,2
1382.4978,582.66235,-0.2079531,-1.3237302,36877033000.0,0.0,2
1315.0505,676.36536,-0.26174372,-1.3076476,35828990000.0,0.0,2
1404.7662,741.8564,-0.41150206,-1.2386384,41348612000.0,0.0017257284,2
1364.6227,671.8331,-0.51915854,-1.1830329,37905285000.0,0.0,2
1066.0493,352.3121,0.6166657,1.4243344,20653425000.0,0.0,2
1267.2494,517.3965,-0.617757,-0.023637405,30697392000.0,0.009970875,2
941.75476,575.0577,-0.4238465,-0.9745262,19949050000.0,0.01994175,2
739.6539,413.18198,-0.39701992,-0.899593,11760553000.0,0.0,2
1264.7333,428.38303,-0.003645008,-0.7990698,29213692000.0,0.0,2
1302.4586,477.36545,-0.40765518,-0.23579061,31527342000.0,0.0,2
1171.687,365.1945,-0.49797028,-0.029905343,24677868000.0,0.0,2
1272.39,566.2911,0.082560696,-1.1768161,31779418000.0,0.0,2
1176.6617,605.6799,-0.17321676,-0.8741606,28694626000.0,0.016490294,2
1164.6631,694.6164,-0.20913824,-1.0598589,30129064000.0,0.01994175,2
1218.3491,502.03415,-0.65661526,-0.9988359,28449386000.0,0.0,2
902.3814,513.5013,-0.5981236,-1.1116877,17661555000.0,0.017832527,2
791.28345,467.4493,-0.6645141,-1.1509315,13838555000.0,0.017640779,2
890.1998,575.31573,-0.5397553,-1.3993351,18406504000.0,0.027803402,2
1497.2644,498.477,-0.6933741,-0.109316394,40800748000.0,0.0,2
1236.3107,611.56757,-0.7333624,-0.28943238,31170212000.0,0.0,2
1329.3243,757.0363,-0.6920046,-0.84628206,38341950000.0,0.022626217,2
1237.1117,557.26666,0.23777562,-1.0379523,30162807000.0,0.0,2
1022.9247,663.91406,0.13733421,-1.0473933,24365576000.0,0.015915051,2
695.7304,516.56555,0.33318195,-0.81952935,12302430000.0,0.0,2
1238.3536,558.0671,0.22850867,-1.040759,30227802000.0,0.0,2
1215.8918,774.601,-0.1472678,-1.239301,34052504000.0,0.016873788,2
1185.5209,779.76953,-0.06713379,-1.2313701,32989190000.0,0.019558255,2
1572.1467,455.49863,-0.94945776,-0.070695154,43894770000.0,0.0,2
1357.6815,494.94095,-1.1737038,0.5725149,34214146000.0,0.0015339808,2
947.2363,461.84875,-0.9824784,-0.33645254,18195430000.0,0.0,2
1366.498,426.20624,-0.23872432,-0.66912115,33570302000.0,0.0,2
1164.3167,415.31882,-0.5696334,-0.13915244,25036765000.0,0.0,2
866.1312,472.51483,-0.39047146,-0.8125344,15949064000.0,0.014572818,2
1274.0924,458.18417,-0.87668777,-0.5019421,30035872000.0,0.0,2
1031.1547,518.3316,-0.9824637,-0.4927349,21822630000.0,0.019366508,2
800.853,407.77243,-0.85496867,-0.6020147,13232437000.0,0.016490294,2
1208.7701,471.43576,0.2905264,-0.6598668,27580449000.0,0.0,2
899.6816,405.39328,-0.30047795,-0.55951715,15954258000.0,0.0,2
956.50244,389.8206,-0.28388748,-0.54316205,17479385000.0,0.0,2
1170.7198,565.4923,0.19057432,-1.0316867,27694967000.0,0.0,2
1180.4922,716.37006,-0.079813585,-1.2337593,31240160000.0,0.013422332,2
967.7444,500.46912,-0.12173501,-1.264013,19447783000.0,0.0,2
1290.9243,391.43027,-0.1195311,0.7307851,29814018000.0,0.0,2
1083.2634,518.1134,-0.6519537,0.138726,23624110000.0,0.016298546,2
884.47955,435.57034,-0.5971435,-0.41988686,15925668000.0,0.0,2
756.217,455.71442,-0.5420787,-0.9661553,12771978000.0,0.018599518,2
1158.774,491.30447,-0.25992942,-1.2199006,25954505000.0,0.0,2
1032.8185,548.5114,-0.4271272,-1.1347787,22406410000.0,0.0,2
964.06995,476.77408,-0.51238227,-0.89125377,18952100000.0,0.0,2
1323.5182,451.0404,-0.8485934,-0.23033167,32032979000.0,0.0,2
992.5219,456.45874,-0.9751513,-0.15369514,19553556000.0,0.016490294,2
848.3481,395.70593,-0.8518642,-0.29784256,14356934000.0,0.020900488,2
1074.977,372.6493,0.29453927,-0.116829395,21208154000.0,0.0,2
815.12024,549.73236,-0.00064957206,-0.70933926,15837211000.0,0.018599518,2
802.1998,380.25095,-0.41452655,-0.49370116,12912481000.0,0.0,2
1101.4377,463.89105,0.46712154,0.09203629,23402250000.0,0.0,2
1086.1149,523.1247,-0.032435846,-0.3464821,23810950000.0,0.0,2
1147.0588,722.2944,-0.17877214,-1.0679297,30104832000.0,0.018791264,2
1345.5881,283.65128,-0.0991675,1.2809242,30983215000.0,0.0,2
813.14325,346.85965,-0.60967773,1.4562991,12804317000.0,0.013997574,2
754.34314,356.117,-0.9274499,0.009941202,11400854000.0,0.0,2
1310.2863,382.073,-0.07331448,-0.47987035,30520605000.0,0.0,2
1191.3768,527.44794,-0.6384885,-0.41167808,27813149000.0,0.0,2
1366.5194,758.7914,-0.64914006,-0.8211565,40028400000.0,0.01840777,2
1241.6567,498.75183,0.14809118,-1.0434134,29334974000.0,0.0,2
1118.3726,745.23364,-0.088070914,-1.2733886,29591640000.0,0.020900488,2
1135.1973,782.3037,-0.3710077,-1.4787147,31140612000.0,0.017065536,2
1289.6361,306.11563,-0.62307954,0.91319185,28784530000.0,0.0,2
1166.0272,468.48923,-0.90172994,0.3472595,25872003000.0,0.0,2
1359.4263,494.82227,-1.2916868,1.1260586,34289890000.0,0.0,2
1183.0591,266.6417,-0.52749515,2.1372027,24096385000.0,0.0,2
1204.0459,354.01498,-0.30833873,2.3027265,25805670000.0,0.0,2
1204.863,468.62378,-1.2280419,0.43623987,27382632000.0,0.0,2
1198.1919,614.6116,-1.0762302,-0.30658162,29710928000.0,0.022242721,2
1370.0474,644.87573,-0.38540763,-1.1359421,37566783000.0,0.0,2
1238.2076,632.3668,-0.32504788,-1.0961775,31671026000.0,0.006519418,2
1379.7922,735.92883,-0.38787755,-1.3362844,40065730000.0,0.0,2
1328.3191,532.4579,-0.11575321,-0.7942558,33553500000.0,0.0,2
1134.6068,599.3102,-0.5490486,-0.84293115,26976344000.0,0.016106797,2
1168.9374,530.629,-0.49849802,-0.84006345,27000533000.0,0.0,2
1103.7213,387.65775,0.31321454,-0.67256004,22421164000.0,0.0,2
1290.1803,611.9442,-0.42622903,-0.5352752,33407648000.0,0.015915051,2
811.4267,511.70312,0.08412183,-0.8212701,15077430000.0,0.0,2
1431.9586,431.98102,-0.5248473,-0.52647,36652860000.0,0.0,2
1370.0002,501.1092,-1.03097,0.10917318,34865336000.0,0.0,2
1174.3796,627.6024,-0.75622714,-0.73944515,29049688000.0,0.018791264,2
1205.4857,369.50732,-0.17929262,-0.2831727,26046163000.0,0.0,2
1099.3601,351.40152,-0.25381333,-0.028892644,21824730000.0,0.0,2
1353.6627,557.4122,-0.6185687,-0.41305292,35112730000.0,0.010929613,2
1138.7323,399.5141,-0.045683287,-0.45183328,23860390000.0,0.0,2
1015.1328,636.0169,-0.3530249,-1.1819216,23511239000.0,0.0,2
889.8215,724.56537,-0.050976366,-1.5829017,21574078000.0,0.019558255,2
615.97504,542.6105,0.2181451,-1.6810157,11040381000.0,0.0,2
1409.6012,516.5342,-0.7960026,-0.63887554,36925980000.0,0.0,2
1247.3702,555.047,-0.884766,-0.63571054,30539936000.0,0.000958738,2
964.47614,509.62634,-0.8574787,-0.7964916,19495866000.0,0.018024275,2
1703.8265,575.16766,-1.0201718,-0.18582895,52983284000.0,0.0,2
1752.2662,471.46844,-1.4184626,0.77778333,53947916000.0,0.0,2
1535.919,419.34802,-1.2337756,0.5745352,41531798000.0,0.0,2
1321.1016,323.70407,-1.0228902,0.4984933,30311932000.0,0.0,2
929.96045,402.77478,-0.041705802,-0.7986778,16827252000.0,0.0,2
721.49164,324.25146,0.054341897,-0.64579713,10251293000.0,0.0,2
1387.5612,650.13354,-0.49093372,-1.1436298,38469624000.0,0.0,2
1404.1055,832.44244,-0.5681651,-1.2538507,43654717000.0,0.01840777,2
1124.7194,286.95633,-0.2508439,-0.09961956,22074778000.0,0.0,2
1227.142,298.14267,-0.6003999,0.5020418,26128656000.0,0.0,2
1437.6093,533.1254,-0.4784783,-0.9297974,38517854000.0,0.0,2
1169.078,438.96783,-0.72739494,-0.4269331,25549801000.0,0.0,2
1475.6805,593.91547,-0.2817892,-0.99885935,41457558000.0,0.0,2
1270.9401,616.63464,-0.25188097,-0.8386924,32694712000.0,0.0,2
979.15314,398.52493,0.72401476,0.38157216,18310152000.0,0.0,2
699.3129,456.5391,0.30794123,-0.1372706,11427291000.0,0.016490294,2
1218.7195,392.58618,-0.14269592,-0.98340786,26859948000.0,0.0,2
1083.4595,506.4573,-0.47810474,-0.6653313,23435401000.0,0.013038836,2
1259.4446,490.06586,-0.7214538,-0.8382789,29923168000.0,0.0,2
1239.4866,590.331,-0.68868345,-0.64372355,30880852000.0,0.011696603,2
1227.5469,624.9226,-0.2403713,-1.512242,31086993000.0,0.0,2
997.7245,642.53107,-0.26498273,-1.5055095,23073591000.0,0.011313109,2
1072.3441,653.54895,-0.19355772,-1.5787623,25838356000.0,0.0,2
1148.919,459.78683,-0.321351,-0.9937284,25090763000.0,0.0,2
1027.9772,633.9794,-0.35495678,-1.2604306,23898800000.0,0.018983012,2
1528.5477,535.38074,-0.48057574,-0.6666319,42976720000.0,0.0,2
1160.9304,588.2001,-0.6394691,-0.78003377,27750216000.0,0.01438107,2
1461.4531,586.211,-0.5692153,-0.74526024,40623940000.0,0.0,2
1191.4387,409.91,-0.62329835,-0.61111283,26010460000.0,0.0,2
1180.9724,344.15594,-0.4670699,-0.9499139,24791270000.0,0.0,2
867.7449,267.10272,-0.816291,0.22616808,13505742000.0,0.0,2
1378.6249,499.22385,-0.014065826,-0.8477423,35222827000.0,0.0,2
1263.5825,641.6498,-0.5623487,-0.74138534,32904894000.0,0.0,2
1097.7509,487.63388,-0.04053943,-1.3587476,23639550000.0,0.0,2
926.97217,536.9074,-0.18395427,-1.1455027,18801410000.0,0.0,2
1566.8096,528.993,-0.75714767,-0.42741254,44805750000.0,0.0,2
1210.8217,622.58765,-0.6924053,-0.72608334,30371095000.0,0.0,2
1142.1058,634.7574,0.11474727,-1.2045438,27972776000.0,0.0,2
841.28326,573.61816,-0.011942408,-1.2598659,16986855000.0,0.0,2
1363.7051,376.49945,-0.7574763,-0.3286677,32791650000.0,0.0,2
902.20276,447.66495,-0.54308873,-0.3373865,16619500000.0,0.018791264,2
1331.6,457.22244,-0.62689704,-0.38830113,32476545000.0,0.0,2
1164.6783,409.16895,-0.6735897,-0.31616905,24967494000.0,0.0,2
1170.3915,295.98453,-0.5502265,1.2852466,23878418000.0,0.0,2
1146.8473,477.6613,-1.225143,1.0351243,25287377000.0,0.018216021,2
1045.1562,371.02972,0.89603674,1.9476002,20152560000.0,0.0,2
733.69244,318.40128,-0.455085,0.30592912,10480583000.0,0.0,2
1152.341,411.6148,0.30749682,-0.4059587,24532031000.0,0.0,2
1123.8986,599.46985,-0.16183311,-0.61790776,26583239000.0,0.017065536,2
1288.5222,468.4255,-0.2286141,-0.73540246,30797200000.0,0.0,2
1325.0763,578.4425,-0.6436474,-0.6512504,34249488000.0,0.0,2
1465.4276,626.86804,-0.25707376,-1.0264747,41622598000.0,0.0,2
1489.43,848.83276,-0.6728747,-1.091792,48151250000.0,0.016873788,2
1396.2001,745.4375,-0.590044,-1.1497105,41042768000.0,0.0,2
1397.9644,572.6309,-0.20703985,-1.025686,37391737000.0,0.0,2
1192.7606,591.0654,-0.31483042,-0.83969873,29033040000.0,0.006519418,2
1085.338,549.3423,0.23763214,-1.1615491,24243988000.0,0.0,2
808.70764,526.92395,0.28541353,-1.0167683,15264266000.0,0.011888351,2
1095.1069,546.2766,0.21335506,-1.184507,24537942000.0,0.0,2
1031.903,563.23804,0.22874857,-0.99943507,22643685000.0,0.0,2
1179.0499,344.7801,0.5862438,0.48739368,24723980000.0,0.0,2
1203.1676,533.63086,-0.8339065,-0.12882967,28383216000.0,0.0,2
1117.8828,345.64096,-0.0073540704,0.068823904,22431820000.0,0.0,2
1085.1613,414.25024,-0.5195675,0.3176828,22104934000.0,0.0005752428,2
1292.3066,553.9869,-0.90146744,-0.6086003,32390478000.0,0.0,2
1176.1326,598.4318,-0.93094677,-0.6515246,28531237000.0,0.011504856,2
1198.5477,480.95615,-0.041418947,-1.2489617,27325819000.0,0.0,2
1119.3423,501.12463,-0.0024119325,-1.126192,24642404000.0,0.0,2
541.5884,212.53024,0.7789447,2.0186398,5545772000.0,0.0,2
535.10754,222.80078,0.6791236,1.7450426,5504701000.0,0.0,2
1176.7535,366.3727,0.2221938,0.36229217,24886934000.0,0.0,2
1083.0214,550.9107,-0.6021897,-0.44042704,24189958000.0,0.0,2
796.6392,317.6304,1.0666246,0.28679097,12050811000.0,0.0,2
771.66394,359.7033,1.084608,0.31626043,11875970000.0,0.0,2
800.9291,491.40018,0.8481855,-0.5735086,14466441000.0,0.0,2
546.5644,447.16287,0.94984263,0.60404557,8170492400.0,0.0,2
908.10614,481.43237,0.84226006,-0.23670526,17308613000.0,0.0,2
833.0674,521.0025,0.42413345,-0.61435837,15817848000.0,0.0,2
1125.5791,407.70764,-0.19035943,-1.0417473,23480793000.0,0.0,2
1027.4404,485.48584,-0.49828938,-0.9889408,21157157000.0,0.0,2
931.4714,415.9646,0.5225933,-0.3276662,17050263000.0,0.0,2
1023.9425,547.5468,0.034317534,-0.6261886,22089986000.0,0.0,2
1241.2977,389.49924,-0.49822214,-0.4541914,27730405000.0,0.0,2
945.79956,359.86176,-0.5013784,-0.2612644,16777828000.0,0.0,2
1172.0186,502.3928,-0.015915774,-1.2574307,26640810000.0,0.0,2
1010.9789,652.8101,0.12119308,-1.134729,23727952000.0,0.016490294,2
1312.1523,323.09454,-0.47235823,-0.08785217,29919380000.0,0.0,2
1409.7817,630.5994,-0.9989978,0.081101194,39078138000.0,0.018216021,2
1194.745,396.64154,-0.09345262,-0.7499484,25964382000.0,0.0,2
1098.9078,495.3074,-0.72716016,-0.45895696,23804768000.0,0.0,2
1177.2986,362.49194,0.38457328,-0.3171217,24861612000.0,0.0,2
958.1797,544.7899,-0.1308664,-0.4706156,19904993000.0,0.018216021,2
1149.25,516.1987,-0.060385287,-1.377075,26005287000.0,0.0,2
1329.595,722.2809,-0.19652426,-1.2841932,37511373000.0,0.0141893225,2
1239.7178,464.84256,-0.19194697,-1.262316,28720802000.0,0.0,2
1068.7994,537.0024,-0.44917485,-0.8264035,23440650000.0,0.0,2
1127.6395,299.2784,0.04157301,-0.53749454,22300891000.0,0.0,2
1314.835,430.09103,-0.63723433,0.53622395,31355197000.0,0.005752428,2
1215.3153,464.47134,-0.6408031,-0.59447175,27733606000.0,0.0,2
950.34015,482.56085,-0.55474263,-0.69630355,18612410000.0,0.01514806,2
1228.3317,543.5373,-0.5601623,-1.1583972,29560525000.0,0.0,2
968.58,578.7554,-0.51160336,-1.2523259,20858554000.0,0.01840777,2
1335.4905,431.01944,-0.7167722,-0.45778248,32265218000.0,0.0,2
1422.8503,716.5164,-0.7675801,-0.7142894,41580937000.0,0.016873788,2
1404.9949,454.79312,-0.5738137,-0.791418,35731005000.0,0.0,2
1611.636,534.4128,-0.62836933,-0.79094416,47234540000.0,0.0,2
1309.3246,583.9245,0.16548365,-0.99325496,33674015000.0,0.0,2
1312.5061,552.8963,-0.063427165,-0.9240221,33232757000.0,0.0,2
1293.4414,733.92535,-0.30908206,-0.92954314,36235460000.0,0.018983012,2
1258.8738,552.491,-0.43024924,-1.0545952,30965920000.0,0.0,2
1255.5917,487.2576,-0.43271512,-1.0586759,29719435000.0,0.0,2
1071.3635,400.54422,-0.1945712,-0.7513524,21434456000.0,0.0,2
880.8294,581.7305,-0.3365536,-1.3200067,18256214000.0,0.020133497,2
864.3001,505.9137,1.0238568,0.6145961,16432552000.0,0.0,2
554.38544,477.8208,0.8990579,0.33512327,8776187000.0,0.019558255,2
420.4635,514.52924,1.502918,1.7516534,7234026000.0,0.01744903,2
1244.1168,301.81042,1.0870478,2.312258,26852006000.0,0.0,2
998.5364,464.3699,-1.0619512,0.4850026,19869110000.0,0.017832527,2
1349.3104,528.409,-0.1618114,-1.1562641,34404016000.0,0.0,2
1355.0544,644.4056,-0.45664155,-0.92904,36887450000.0,0.0,2
1058.4761,362.93152,0.2382222,-0.16703553,20514257000.0,0.0,2
868.18335,492.688,-0.21727929,-0.8795764,16326390000.0,0.0,2
1112.7155,263.37836,0.5118058,1.6369894,21422146000.0,0.0,2
782.0623,311.22394,-0.4749728,0.7932329,11607765000.0,0.0,2
1208.4019,407.64398,0.012611088,-0.64613014,26647080000.0,0.0,2
958.44763,559.1894,-0.35021076,-0.8067316,20173859000.0,0.017640779,2
1442.9095,318.2207,-0.88508695,0.352085,35770410000.0,0.0,2
1539.5372,344.33945,-1.3607335,1.9923623,40775590000.0,0.0,2
1262.0677,626.89264,-0.23028584,-1.3154842,32535500000.0,0.0,2
1162.4001,542.30914,-0.29257342,-1.257041,26956160000.0,0.0,2
1207.2638,447.7092,0.25763834,-1.0675728,27163517000.0,0.0,2
973.67865,389.13217,-0.21375075,-0.49999344,18013782000.0,0.0,2
1202.0056,383.58664,-1.0476503,-0.36406827,26082611000.0,0.0,2
1318.8353,490.43863,-1.052191,-0.2321266,32437970000.0,0.0,2
1206.6881,640.226,-0.9258453,-0.6571738,30572310000.0,0.018599518,2
1155.8545,422.30356,-0.4284383,-1.1385145,24810945000.0,0.0,2
1133.8828,608.1226,-0.58071285,-0.9823429,27123765000.0,0.018791264,2
1339.0381,573.7624,-0.6399223,-0.83168626,34770560000.0,0.0,2
1348.2998,570.9581,-0.68339163,-0.80716807,35125748000.0,0.0,2
1350.3204,303.92477,-0.11187058,-0.3622398,31387412000.0,0.0,2
1106.958,305.31683,-1.0842628,2.1145453,21603525000.0,0.0,2
1340.3285,237.14372,-0.940694,2.6401322,30354924000.0,0.0,2
1365.038,475.70975,-1.8392668,2.1715608,34236471000.0,0.0,2
1049.7462,232.23676,0.7852271,1.8311609,18938280000.0,0.0,2
759.853,312.40228,-1.1057428,0.97247875,11058738000.0,0.0,2
877.2732,336.74503,0.98938555,1.1967703,14467161000.0,0.0,2
630.1854,398.76495,0.38304508,0.6467028,9111914000.0,0.019366508,2
1109.9088,451.00247,0.14034937,-0.716547,23515970000.0,0.0,2
724.5769,347.00476,-0.20674023,-0.23801567,10574627000.0,0.0,2
1124.2607,398.15558,0.23689891,-0.21809502,23306080000.0,0.0,2
1112.1398,345.16516,0.09776656,-0.15935175,22216604000.0,0.0,2
1224.5177,563.55853,0.46019498,-0.9424802,29770414000.0,0.0,2
974.4523,593.7465,0.03107046,-1.0037148,21333480000.0,0.0,2
1301.386,403.069,-0.29552478,-0.25021264,30409850000.0,0.0,2
1314.3992,646.8328,-0.8282719,-0.28350386,35160687000.0,0.01840777,2
1381.0868,395.84222,-0.6620151,-0.26248795,33818083000.0,0.0,2
1256.637,608.2877,-0.7232043,-0.6661511,31934882000.0,0.0,2
1199.2404,405.01,-0.39520758,-0.472093,26250617000.0,0.0,2
1023.1527,397.1045,-0.6460964,-0.3405022,19735077000.0,0.0,2
1032.338,363.50513,-0.10748202,-0.46551597,19625701000.0,0.0,2
662.8872,278.41623,-0.007998703,-0.16226637,8469464000.0,0.0,2
894.3007,310.4476,0.8857349,1.0587802,14682546000.0,0.0,2
747.1167,334.65887,0.049283147,0.6855599,10980227000.0,0.013997574,2
1036.5916,443.75238,0.41584638,-0.3282794,20831242000.0,0.0,2
905.9318,448.79086,0.5128577,-0.046570316,16746507000.0,0.0,2
900.32855,652.936,0.22929622,-0.8892695,20265648000.0,0.018983012,2
1055.7073,429.43976,0.7952373,0.012769962,21281774000.0,0.0,2
812.064,387.2509,0.75870854,-0.13292362,13261394000.0,0.0,2
1555.2427,518.90894,-0.7964215,-0.5533505,44040950000.0,0.0,2
1545.9945,774.2583,-1.0406811,-0.4479376,48981197000.0,0.021092236,2
1552.4244,520.1829,-0.7843364,-0.581863,43919143000.0,0.0,2
1164.2603,465.2595,-1.0098408,-0.19144669,25755128000.0,0.0,2
1588.7224,615.6649,-0.5706629,-0.99252164,47564100000.0,0.0,2
1318.1963,729.752,-0.6411249,-1.0364885,37194617000.0,0.016873788,2
1181.9795,502.77158,0.030516073,-0.56843835,27031222000.0,0.0,2
938.917,594.6791,-0.045641765,-0.72654814,20237654000.0,0.020900488,2
1313.4984,528.56757,-0.05717481,-0.86359817,32844380000.0,0.0,2
1008.9245,613.6217,-0.106468655,-0.6579314,22846837000.0,0.018791264,2
1062.5914,392.34882,-0.19883546,-0.64139354,21021297000.0,0.0,2
817.0941,406.4014,-0.41235632,-0.6645875,13644674000.0,0.014572818,2
1090.8242,433.57477,-0.124941766,-0.95628154,22575262000.0,0.0,2
1244.8381,566.4591,-0.36453536,-0.79065824,30646240000.0,0.0,2
1272.8693,521.4587,-0.28138897,-0.887501,31000416000.0,0.0,2
1238.0209,698.1421,-0.4334913,-1.0068079,33097288000.0,0.020325245,2
1155.2068,625.0417,0.38039637,-1.1333911,28265347000.0,0.0,2
798.33307,492.8692,0.36752057,-1.0122584,14422111000.0,0.0,2
981.618,485.49942,0.4787953,-0.8368178,19649063000.0,0.0,2
959.30994,439.36642,0.34646472,-1.0838358,18240608000.0,0.0,2
789.9404,408.2387,0.6082065,-0.42836165,12954251000.0,0.0,2
789.4997,405.88364,0.6106463,0.11220951,12911432000.0,0.0,2
1273.9481,480.5627,-0.23470801,-0.73381746,30374042000.0,0.0,2
1097.8423,451.38852,-0.136977,-0.5235304,23085210000.0,0.0,2
1004.4442,481.1219,0.5398658,-0.010150737,20322490000.0,0.0,2
721.1169,450.07013,0.5828698,0.14213064,11838631000.0,0.014956312,2
1005.43964,378.4599,-0.046298493,-0.059862655,18909444000.0,0.0,2
1301.6418,458.27695,-0.7837582,-0.06316308,31199875000.0,0.0,2
1108.1798,415.52734,0.39728308,0.18816864,22949485000.0,0.0,2
966.13135,608.63293,-0.061658878,-0.6689572,21362178000.0,0.019558255,2
1203.3954,412.07684,0.118095346,-0.35237578,26508784000.0,0.0,2
714.7436,513.8348,-0.0175949,-0.96667767,12695709000.0,0.020325245,2
1375.0032,339.6686,-0.41600344,0.45745024,32866443000.0,0.0,2
1092.5826,352.6561,-1.2852461,0.9961895,21595802000.0,0.0,2
1177.0603,499.51254,0.20013703,-0.71456045,26787574000.0,0.0,2
862.63275,597.5441,0.086409874,-1.3790729,18041967000.0,0.0,2
1221.0975,578.58606,0.06904934,-1.0606133,29914577000.0,0.0,2
1167.8256,637.6531,0.075085185,-0.99783415,29006530000.0,0.0059441756,2
1215.5526,580.28357,0.080494225,-1.07282,29725444000.0,0.0,2
986.4424,698.9666,0.1031951,-1.1037239,23947230000.0,0.016490294,2
975.06415,402.80905,0.21844213,-0.6928007,18235478000.0,0.0,2
731.59796,617.54974,0.38659343,-0.9935702,15017628000.0,0.0,2
1284.4093,465.31967,-0.31659886,-0.86786485,30576306000.0,0.0,2
971.7769,507.67618,-0.5736293,-0.8632998,19694969000.0,0.0,2
1085.9498,473.10916,0.68691576,-0.24876043,22988706000.0,0.0,2
950.34875,533.8183,0.41089183,-0.43880063,19466236000.0,0.009395632,2
1004.44867,412.92807,0.7054299,-0.15670398,19323728000.0,0.0,2
803.52686,362.48282,0.4640146,0.11495247,12731175000.0,0.0026844663,2
1173.8503,371.33054,0.65037787,1.3829249,24835050000.0,0.0,2
931.2176,502.09155,0.22954254,0.6729224,18337990000.0,0.012655341,2
1196.3058,415.21155,-0.05005266,-0.837983,26272532000.0,0.0,2
1087.3436,547.46,-0.18165731,-0.82712376,24281560000.0,0.012463594,2
968.2128,561.6335,1.1863911,0.25238279,20526993000.0,0.0,2
821.76447,488.2715,0.88312644,0.48196226,14970158000.0,0.0,2
873.72375,631.5154,0.7032149,0.14568084,19041563000.0,0.016873788,2
1047.4683,473.09518,0.85671556,-0.22087741,21643410000.0,0.0,2
731.20233,392.6448,0.7207076,0.17831866,11285738000.0,0.0,2
711.42377,376.20517,1.4291451,1.4068532,10611165000.0,0.0,2
460.90927,364.59445,1.200554,1.5428764,5658484700.0,0.018216021,2
1082.141,495.59586,0.537949,-0.3682928,23210303000.0,0.0,2
1322.2305,563.9051,0.088868506,-0.6422033,33853970000.0,0.0,2
1105.2335,364.47696,0.8433796,1.072559,22190238000.0,0.0,2
1056.9528,401.3391,-0.26268718,1.2865622,20942391000.0,0.0,2
1206.3014,400.97888,-0.6901523,-0.62734944,26475676000.0,0.0,2
1228.8134,467.99167,-0.80544317,-0.18045151,28327913000.0,0.0,2
1329.4807,416.6301,-0.5647135,0.17271654,31802976000.0,0.0,2
1401.4089,628.1154,-0.87698835,-0.16441873,38641270000.0,0.010546118,2
1001.66254,303.01587,0.13679522,-0.20444934,17942878000.0,0.0,2
783.82794,362.19666,-0.42336115,-0.40929812,12215462000.0,0.0,2
901.3002,294.4274,0.565636,0.3317792,14729699000.0,0.0,2
811.8569,451.96655,-0.10712643,-0.2249054,14145706000.0,0.017832527,2
950.3281,526.1462,0.9140037,-0.30684847,19332356000.0,0.0,2
931.4257,528.9155,0.5154497,0.08831841,18797453000.0,0.0,2
1145.052,442.25854,0.2429927,-0.4938868,24686377000.0,0.0,2
832.0782,531.26575,-0.22860885,-0.9457672,15967804000.0,0.018216021,2
573.1562,543.21594,0.16175696,-1.5906767,10216924000.0,0.014956312,2
1322.2089,422.3681,-0.051969044,-0.5960579,31565922000.0,0.0,2
1033.0458,346.74884,0.0967677,-0.32232535,19454663000.0,0.0,2
1280.9998,471.5839,-0.35419896,-0.951898,30529155000.0,0.0,2
1008.7707,576.7768,-0.4429289,-1.0096865,22123150000.0,0.018599518,2
1537.1257,482.8825,-0.90713257,-0.27141106,42531738000.0,0.0,2
1398.3177,545.72644,-0.66548496,-0.615079,36914954000.0,0.0,2
1451.8397,532.6235,-0.44355735,-0.97957873,39182766000.0,0.0,2
1051.5647,442.11267,-0.47925404,-0.69870573,21319713000.0,0.0078616515,2
1334.1254,406.49585,-0.9269852,0.105593964,31868998000.0,0.0,2
884.65753,454.17426,-0.70374185,-0.467885,16202026000.0,0.018216021,2
981.62836,422.74228,1.1378393,1.1479185,18715531000.0,0.0,2
729.2942,386.98636,0.923849,1.8899136,11167801000.0,0.0,2
895.9816,406.5001,0.77933156,0.30741128,15860129000.0,0.0,2
609.4005,363.6288,0.75083834,0.89560854,8250899500.0,0.0,2
1237.8998,447.95557,-0.70633686,-0.5612318,28394457000.0,0.0,2
1006.97217,618.74963,-0.56247,-1.2078559,22885894000.0,0.01994175,2
1224.3167,314.44196,-0.84707594,0.7180322,26178765000.0,0.0,2
1317.8185,311.0565,-0.98152095,1.958076,30038456000.0,0.0,2
1506.3883,489.8402,-0.8426008,-0.53883624,41109900000.0,0.0,2
1482.1747,766.92694,-0.94064283,-0.61792034,45629743000.0,0.018599518,2
983.56256,355.045,0.09067768,-0.22357585,17915122000.0,0.0,2
748.26996,431.38235,-0.12928799,-0.8072105,12222442000.0,0.0,2
1077.7064,514.6358,0.585232,-0.7187568,23368520000.0,0.0,2
954.75775,487.18274,0.505126,-0.4568755,18823731000.0,0.0,2
1432.256,557.0765,0.11525801,-1.3063325,38693950000.0,0.0,2
1092.147,678.17883,-0.13868229,-1.1277791,27078025000.0,0.0,2
694.97577,378.89957,1.4479511,2.2060506,10265497000.0,0.0,2
564.9389,324.15475,1.2328697,1.9882168,6950621000.0,0.0,2
704.8305,374.92435,1.5029811,2.328249,10442413000.0,0.0,2
586.4292,377.6926,1.1842344,1.7041622,7971649500.0,0.0013422332,2
984.57007,653.90125,0.7080318,-0.8261087,22887875000.0,0.0,2
999.71204,737.39105,0.5839315,-1.1481774,25283293000.0,0.001917476,2
785.1637,715.2693,0.94394183,-0.30178344,18482663000.0,0.020325245,2
1384.7444,524.00226,-0.19658814,-1.2097118,35915290000.0,0.0,2
1167.3995,558.9528,-0.39042604,-0.9138045,27447294000.0,0.012271847,2
971.6481,399.8225,0.31796575,0.444536,18087248000.0,0.0,2
807.58344,521.63104,0.25958735,-0.17490965,15143567000.0,0.017065536,2
539.56854,427.58456,0.2366995,-0.7751628,7765406000.0,0.018024275,2
